UID,Service,Talent Segment,Level,Skills,Coming Available,Local Office,Local Preference
0,Technology,Strategy,9,Critical thinking/Excel/Critical thinking/,2020-04-01 00:00:00,Denver,No
1,Technology,Legal,5,Bar/Bar/PowerPoint/,2020-02-01 00:00:00,DC,Yes
2,Interactive,Design,11,PowerPoint/Adobe/,2020-12-01 00:00:00,DC,Yes
3,Operations,Account Leadership,3,Leadership/Cloud/Excel/Leadership/,2020-08-01 00:00:00,DC,Yes
4,Interactive,Account Leadership,8,Oral communication/ML/Cloud/Excel/,2020-07-01 00:00:00,Denver,Yes
5,Interactive,Business,7,PowerPoint/Excel/PowerPoint/,2020-12-01 00:00:00,Chicago,No
6,Interactive,Legal,6,Bar/Oral communication/Bar/,2020-04-01 00:00:00,DC,Yes
7,Technology,Security,7,Cloud/Excel/,2020-05-01 00:00:00,Boston,Yes
8,Operations,Design,6,Excel/,2020-03-01 00:00:00,Boston,No
9,Technology,Legal,9,Excel/,2020-06-01 00:00:00,NYC,No
10,Operations,Business,2,PowerPoint/,2020-01-01 00:00:00,Denver,Yes
11,Strategy & Consulting,Finance,4,PowerPoint/,2020-04-01 00:00:00,Denver,No
12,Technology,Human Resources,2,Workday/Excel/Workday/,2020-12-01 00:00:00,Denver,Yes
13,Technology,Business,10,Excel/,2020-08-01 00:00:00,NYC,Yes
14,Technology,Finance,9,Excel/QuickBooks/QuickBooks/,2020-11-01 00:00:00,NYC,Yes
15,Technology,Legal,4,Bar/,2020-01-01 00:00:00,Boston,No
16,Technology,Human Resources,6,Oral communication/Excel/,2020-02-01 00:00:00,Boston,Yes
17,Interactive,Finance,1,QuickBooks/PowerPoint/,2020-02-01 00:00:00,Denver,No
18,Strategy & Consulting,Strategy,3,Critical thinking/,2020-01-01 00:00:00,DC,Yes
19,Interactive,IT Operations,2,PowerPoint/Java/Cloud/,2020-08-01 00:00:00,Boston,Yes
20,Operations,Design,4,React.js/PhotoShop/PowerPoint/,2020-01-01 00:00:00,Boston,Yes
21,Interactive,IT Operations,11,Java/PowerPoint/PowerPoint/Java/,2020-04-01 00:00:00,NYC,No
22,Technology,Finance,7,PowerPoint/QuickBooks/,2020-02-01 00:00:00,DC,No
23,Technology,Engineering,11,Excel/Java/Excel/PowerPoint/,2020-12-01 00:00:00,DC,No
24,Operations,IT Operations,11,ML/Excel/Oracle/,2020-10-01 00:00:00,Chicago,No
25,Technology,Security,4,Oracle/Java/PowerPoint/,2020-10-01 00:00:00,NYC,Yes
26,Technology,Strategy,7,PowerPoint/,2020-08-01 00:00:00,DC,Yes
27,Interactive,Design,9,PowerPoint/PhotoShop/,2020-02-01 00:00:00,DC,No
28,Strategy & Consulting,Business,5,PowerPoint/,2020-11-01 00:00:00,NYC,Yes
29,Strategy & Consulting,Design,9,PowerPoint/React.js/Adobe/Excel/,2020-04-01 00:00:00,Chicago,No
30,Technology,Finance,3,QuickBooks/QuickBooks/QuickBooks/,2020-08-01 00:00:00,Boston,No
31,Technology,Finance,5,QuickBooks/QuickBooks/Excel/QuickBooks/,2020-11-01 00:00:00,DC,No
32,Technology,Legal,10,Excel/Excel/Oral communication/,2020-09-01 00:00:00,NYC,No
33,Interactive,Engineering,6,Python/,2020-07-01 00:00:00,Denver,Yes
34,Technology,Finance,5,QuickBooks/SAP/,2020-08-01 00:00:00,DC,Yes
35,Strategy & Consulting,Engineering,4,Excel/,2020-01-01 00:00:00,Chicago,Yes
36,Technology,IT Operations,4,ML/Cloud/,2020-12-01 00:00:00,Denver,No
37,Strategy & Consulting,Strategy,7,PowerPoint/Excel/Critical thinking/PowerPoint/,2020-01-01 00:00:00,Boston,Yes
38,Strategy & Consulting,Design,6,Adobe/PhotoShop/,2020-07-01 00:00:00,Chicago,No
39,Interactive,IT Operations,1,Cloud/Python/Java/Excel/,2020-12-01 00:00:00,Chicago,No
40,Technology,Finance,11,SAP/,2020-03-01 00:00:00,Boston,Yes
41,Operations,Account Leadership,6,Cloud/Leadership/Leadership/Cloud/,2020-04-01 00:00:00,Chicago,No
42,Strategy & Consulting,IT Operations,2,Java/,2020-06-01 00:00:00,NYC,No
43,Interactive,Finance,6,SAP/,2020-06-01 00:00:00,Chicago,Yes
44,Interactive,Strategy,7,PowerPoint/Excel/,2020-01-01 00:00:00,NYC,Yes
45,Operations,Engineering,5,MATLAB/PowerPoint/Java/,2020-05-01 00:00:00,DC,Yes
46,Technology,Strategy,8,Critical thinking/PowerPoint/PowerPoint/,2020-07-01 00:00:00,DC,No
47,Strategy & Consulting,Account Leadership,7,Oral communication/,2020-11-01 00:00:00,NYC,Yes
48,Technology,Account Leadership,1,ML/Leadership/,2020-07-01 00:00:00,Denver,No
49,Operations,Finance,9,SAP/Excel/,2020-06-01 00:00:00,Chicago,No
50,Technology,Strategy,7,PowerPoint/,2020-02-01 00:00:00,Boston,No
51,Strategy & Consulting,Design,11,PowerPoint/PowerPoint/,2020-04-01 00:00:00,Boston,Yes
52,Strategy & Consulting,Finance,7,PowerPoint/Excel/PowerPoint/PowerPoint/,2020-01-01 00:00:00,Boston,Yes
53,Interactive,Business,4,Excel/,2020-04-01 00:00:00,Denver,Yes
54,Operations,Legal,1,Bar/,2020-11-01 00:00:00,NYC,Yes
55,Strategy & Consulting,IT Operations,2,Python/Java/,2020-01-01 00:00:00,Chicago,No
56,Strategy & Consulting,Finance,11,QuickBooks/Excel/PowerPoint/,2020-02-01 00:00:00,Boston,No
57,Operations,Security,2,Excel/Excel/Java/Oracle/,2020-10-01 00:00:00,Chicago,Yes
58,Strategy & Consulting,Human Resources,2,PowerPoint/,2020-07-01 00:00:00,NYC,Yes
59,Interactive,Design,6,Adobe/Adobe/PowerPoint/PhotoShop/,2020-04-01 00:00:00,Chicago,Yes
60,Interactive,Business,4,Salesforce/Excel/,2020-06-01 00:00:00,DC,No
61,Interactive,Legal,3,Bar/Oral communication/Oral communication/Oral communication/,2020-01-01 00:00:00,Chicago,Yes
62,Technology,Engineering,10,MATLAB/,2020-03-01 00:00:00,Boston,Yes
63,Strategy & Consulting,Legal,3,PowerPoint/,2020-01-01 00:00:00,DC,No
64,Interactive,Finance,10,QuickBooks/SAP/SAP/,2020-01-01 00:00:00,NYC,No
65,Operations,IT Operations,3,Java/Python/,2020-04-01 00:00:00,NYC,No
66,Strategy & Consulting,Strategy,2,PowerPoint/,2020-07-01 00:00:00,NYC,No
67,Technology,Finance,8,QuickBooks/Excel/QuickBooks/,2020-04-01 00:00:00,Boston,No
68,Technology,Security,3,Cloud/PowerPoint/,2020-07-01 00:00:00,Denver,Yes
69,Interactive,Security,9,Java/ML/Python/Oracle/,2020-03-01 00:00:00,Chicago,Yes
70,Interactive,Finance,5,SAP/SAP/,2020-07-01 00:00:00,Denver,No
71,Strategy & Consulting,Engineering,5,Java/Java/,2020-12-01 00:00:00,Chicago,Yes
72,Operations,Security,3,Python/PowerPoint/Cloud/Excel/,2020-10-01 00:00:00,DC,No
73,Interactive,Account Leadership,8,Leadership/PowerPoint/Oral communication/,2020-10-01 00:00:00,Chicago,No
74,Technology,IT Operations,1,Java/Python/Java/Cloud/,2020-10-01 00:00:00,NYC,No
75,Interactive,Strategy,8,Excel/Critical thinking/Excel/Critical thinking/,2020-02-01 00:00:00,Boston,Yes
76,Interactive,Strategy,2,PowerPoint/Critical thinking/PowerPoint/,2020-04-01 00:00:00,Chicago,No
77,Interactive,Strategy,6,Critical thinking/,2020-03-01 00:00:00,Chicago,No
78,Operations,Account Leadership,7,Leadership/Oral communication/Leadership/Oral communication/,2020-02-01 00:00:00,DC,No
79,Strategy & Consulting,Account Leadership,5,Excel/,2020-04-01 00:00:00,Denver,No
80,Technology,Account Leadership,4,PowerPoint/PowerPoint/,2020-05-01 00:00:00,Chicago,Yes
81,Strategy & Consulting,IT Operations,1,Excel/Cloud/,2020-10-01 00:00:00,DC,Yes
82,Interactive,Account Leadership,11,Cloud/ML/PowerPoint/Cloud/,2020-10-01 00:00:00,Boston,No
83,Technology,Strategy,4,Critical thinking/Excel/Critical thinking/PowerPoint/,2020-05-01 00:00:00,Boston,Yes
84,Technology,Engineering,2,Python/PowerPoint/Python/,2020-09-01 00:00:00,Chicago,Yes
85,Operations,Legal,1,Bar/Bar/,2020-10-01 00:00:00,NYC,No
86,Strategy & Consulting,Legal,2,Excel/,2020-01-01 00:00:00,Boston,Yes
87,Strategy & Consulting,IT Operations,2,Python/Java/Excel/,2020-11-01 00:00:00,NYC,No
88,Interactive,Human Resources,2,Workday/Oral communication/PowerPoint/,2020-05-01 00:00:00,Boston,No
89,Interactive,Strategy,9,PowerPoint/,2020-08-01 00:00:00,NYC,Yes
90,Strategy & Consulting,IT Operations,1,Java/PowerPoint/PowerPoint/Cloud/,2020-10-01 00:00:00,DC,Yes
91,Technology,Engineering,1,Excel/,2020-04-01 00:00:00,NYC,Yes
92,Operations,Finance,11,PowerPoint/QuickBooks/,2020-10-01 00:00:00,NYC,No
93,Technology,Legal,11,PowerPoint/,2020-04-01 00:00:00,Denver,Yes
94,Interactive,Human Resources,1,PowerPoint/Excel/,2020-07-01 00:00:00,Chicago,No
95,Interactive,Human Resources,5,Excel/Oral communication/Workday/,2020-06-01 00:00:00,DC,Yes
96,Strategy & Consulting,Finance,11,PowerPoint/Excel/,2020-02-01 00:00:00,Denver,Yes
97,Strategy & Consulting,Human Resources,10,Workday/Workday/Oral communication/,2020-02-01 00:00:00,DC,Yes
98,Strategy & Consulting,Finance,9,QuickBooks/,2020-07-01 00:00:00,Chicago,No
99,Interactive,Design,11,React.js/,2020-03-01 00:00:00,NYC,No
100,Operations,Security,7,Excel/Java/Java/Cloud/,2020-07-01 00:00:00,NYC,Yes
101,Strategy & Consulting,Account Leadership,9,Leadership/PowerPoint/,2020-05-01 00:00:00,Chicago,No
102,Technology,Human Resources,8,Workday/,2020-07-01 00:00:00,Denver,Yes
103,Interactive,Account Leadership,7,Cloud/,2020-07-01 00:00:00,NYC,Yes
104,Interactive,Finance,4,Excel/,2020-05-01 00:00:00,Boston,No
105,Technology,Account Leadership,11,Oral communication/Leadership/,2020-10-01 00:00:00,Chicago,No
106,Operations,Finance,11,SAP/,2020-01-01 00:00:00,Chicago,Yes
107,Operations,Finance,2,QuickBooks/Excel/Excel/,2020-11-01 00:00:00,Denver,Yes
108,Interactive,Human Resources,3,Oral communication/,2020-06-01 00:00:00,Denver,No
109,Strategy & Consulting,Business,11,PowerPoint/Salesforce/PowerPoint/,2020-12-01 00:00:00,NYC,Yes
110,Interactive,Human Resources,8,PowerPoint/Excel/Oral communication/Oral communication/,2020-05-01 00:00:00,DC,Yes
111,Operations,Strategy,8,Excel/,2020-07-01 00:00:00,DC,No
112,Interactive,Strategy,4,PowerPoint/PowerPoint/PowerPoint/,2020-10-01 00:00:00,NYC,No
113,Strategy & Consulting,Business,3,Excel/Excel/PowerPoint/,2020-06-01 00:00:00,Boston,Yes
114,Operations,Business,10,Salesforce/,2020-07-01 00:00:00,NYC,Yes
115,Technology,Design,4,PowerPoint/,2020-12-01 00:00:00,NYC,No
116,Interactive,Finance,3,QuickBooks/SAP/,2020-05-01 00:00:00,DC,No
117,Strategy & Consulting,Human Resources,11,PowerPoint/PowerPoint/Oral communication/,2020-05-01 00:00:00,DC,Yes
118,Technology,Strategy,10,Excel/Critical thinking/PowerPoint/,2020-09-01 00:00:00,Boston,No
119,Strategy & Consulting,Business,3,Salesforce/Excel/Excel/Excel/,2020-08-01 00:00:00,Denver,Yes
120,Strategy & Consulting,Legal,11,Excel/Oral communication/,2020-08-01 00:00:00,Boston,No
121,Operations,Human Resources,11,Workday/,2020-04-01 00:00:00,DC,Yes
122,Strategy & Consulting,Business,4,Excel/Salesforce/Salesforce/,2020-10-01 00:00:00,NYC,Yes
123,Interactive,Engineering,7,Python/,2020-11-01 00:00:00,Denver,Yes
124,Strategy & Consulting,Strategy,4,Excel/PowerPoint/Critical thinking/,2020-03-01 00:00:00,Denver,No
125,Operations,Legal,2,Bar/Bar/PowerPoint/Excel/,2020-11-01 00:00:00,DC,Yes
126,Strategy & Consulting,Strategy,10,Excel/PowerPoint/,2020-05-01 00:00:00,NYC,No
127,Interactive,Engineering,9,MATLAB/Excel/Python/,2020-07-01 00:00:00,NYC,No
128,Operations,Legal,8,Oral communication/Excel/PowerPoint/Oral communication/,2020-11-01 00:00:00,Denver,No
129,Operations,Design,1,PhotoShop/Adobe/PowerPoint/,2020-09-01 00:00:00,NYC,Yes
130,Technology,IT Operations,1,PowerPoint/PowerPoint/PowerPoint/,2020-11-01 00:00:00,NYC,No
131,Technology,IT Operations,6,PowerPoint/,2020-01-01 00:00:00,Denver,No
132,Interactive,Business,6,Salesforce/,2020-08-01 00:00:00,Denver,Yes
133,Strategy & Consulting,Strategy,2,Excel/,2020-12-01 00:00:00,Boston,No
134,Strategy & Consulting,Finance,9,Excel/,2020-09-01 00:00:00,Chicago,No
135,Operations,IT Operations,7,ML/Python/,2020-10-01 00:00:00,Boston,Yes
136,Interactive,Design,3,Excel/,2020-02-01 00:00:00,Boston,Yes
137,Operations,Legal,4,Bar/,2020-10-01 00:00:00,NYC,Yes
138,Strategy & Consulting,Engineering,3,Java/Excel/,2020-08-01 00:00:00,DC,No
139,Operations,Legal,3,Oral communication/Oral communication/Bar/,2020-03-01 00:00:00,Chicago,No
140,Operations,Legal,9,Oral communication/PowerPoint/,2020-11-01 00:00:00,Chicago,Yes
141,Strategy & Consulting,Account Leadership,9,Oral communication/,2020-02-01 00:00:00,Denver,No
142,Technology,Security,2,Java/ML/Excel/,2020-09-01 00:00:00,Chicago,Yes
143,Strategy & Consulting,Account Leadership,6,Oral communication/Cloud/Cloud/ML/,2020-11-01 00:00:00,Denver,No
144,Technology,Finance,5,QuickBooks/PowerPoint/PowerPoint/QuickBooks/,2020-07-01 00:00:00,NYC,No
145,Strategy & Consulting,Strategy,4,PowerPoint/Excel/,2020-02-01 00:00:00,NYC,No
146,Technology,Design,4,Adobe/PhotoShop/Adobe/,2020-11-01 00:00:00,DC,No
147,Interactive,Engineering,3,Java/PowerPoint/Java/,2020-03-01 00:00:00,DC,No
148,Interactive,Human Resources,1,PowerPoint/,2020-01-01 00:00:00,Boston,Yes
149,Operations,Strategy,7,Critical thinking/,2020-02-01 00:00:00,Denver,Yes
150,Operations,Design,3,React.js/,2020-05-01 00:00:00,DC,No
151,Strategy & Consulting,Human Resources,3,PowerPoint/,2020-05-01 00:00:00,NYC,Yes
152,Operations,Human Resources,6,PowerPoint/Excel/Excel/,2020-03-01 00:00:00,Denver,Yes
153,Technology,Design,1,Adobe/React.js/Excel/PowerPoint/,2020-11-01 00:00:00,NYC,No
154,Technology,Legal,11,PowerPoint/,2020-06-01 00:00:00,Denver,No
155,Interactive,Legal,6,PowerPoint/Bar/,2020-11-01 00:00:00,Chicago,Yes
156,Operations,IT Operations,9,Cloud/,2020-10-01 00:00:00,Chicago,No
157,Operations,Design,2,Adobe/React.js/React.js/,2020-05-01 00:00:00,DC,No
158,Interactive,Security,9,PowerPoint/Oracle/Python/ML/,2020-09-01 00:00:00,Denver,Yes
159,Technology,Business,10,Salesforce/Salesforce/,2020-03-01 00:00:00,Chicago,No
160,Strategy & Consulting,Security,10,Excel/,2020-03-01 00:00:00,Boston,Yes
161,Interactive,IT Operations,3,Oracle/,2020-04-01 00:00:00,DC,No
162,Strategy & Consulting,Human Resources,4,Workday/Excel/,2020-08-01 00:00:00,Boston,No
163,Technology,Account Leadership,8,PowerPoint/Cloud/PowerPoint/Oral communication/,2020-06-01 00:00:00,Denver,Yes
164,Strategy & Consulting,Strategy,4,PowerPoint/Critical thinking/,2020-09-01 00:00:00,Denver,No
165,Technology,Human Resources,11,PowerPoint/PowerPoint/Workday/,2020-07-01 00:00:00,Boston,Yes
166,Strategy & Consulting,Security,10,Java/Cloud/PowerPoint/,2020-08-01 00:00:00,Chicago,Yes
167,Strategy & Consulting,IT Operations,6,Oracle/,2020-05-01 00:00:00,Denver,No
168,Technology,Human Resources,6,PowerPoint/Oral communication/,2020-09-01 00:00:00,Chicago,No
169,Interactive,Design,3,PowerPoint/Excel/PhotoShop/,2020-11-01 00:00:00,Denver,Yes
170,Operations,Strategy,9,Excel/Excel/,2020-06-01 00:00:00,Chicago,Yes
171,Operations,Design,7,Adobe/PhotoShop/,2020-01-01 00:00:00,DC,No
172,Interactive,Legal,10,Excel/Oral communication/,2020-06-01 00:00:00,DC,No
173,Interactive,Business,7,Salesforce/,2020-07-01 00:00:00,Denver,No
174,Interactive,Legal,9,Excel/PowerPoint/Excel/Oral communication/,2020-03-01 00:00:00,DC,Yes
175,Interactive,Security,1,ML/,2020-06-01 00:00:00,Boston,Yes
176,Technology,Human Resources,10,Workday/,2020-12-01 00:00:00,NYC,Yes
177,Technology,Business,5,PowerPoint/PowerPoint/,2020-10-01 00:00:00,Denver,Yes
178,Interactive,Account Leadership,4,Leadership/ML/,2020-03-01 00:00:00,NYC,No
179,Technology,Strategy,2,PowerPoint/PowerPoint/,2020-11-01 00:00:00,DC,Yes
180,Technology,Legal,7,Excel/,2020-07-01 00:00:00,DC,Yes
181,Operations,Design,8,PhotoShop/,2020-10-01 00:00:00,DC,No
182,Strategy & Consulting,Strategy,3,Excel/,2020-07-01 00:00:00,Boston,Yes
183,Strategy & Consulting,Business,11,Excel/Excel/Salesforce/Salesforce/,2020-03-01 00:00:00,Boston,Yes
184,Technology,Strategy,7,PowerPoint/Critical thinking/PowerPoint/,2020-12-01 00:00:00,DC,No
185,Technology,Business,9,Salesforce/PowerPoint/,2020-06-01 00:00:00,DC,Yes
186,Interactive,Security,5,PowerPoint/,2020-07-01 00:00:00,NYC,Yes
187,Operations,Engineering,9,Excel/Java/Java/MATLAB/,2020-01-01 00:00:00,NYC,No
188,Strategy & Consulting,Legal,1,Excel/PowerPoint/Oral communication/,2020-08-01 00:00:00,Chicago,Yes
189,Strategy & Consulting,Finance,6,PowerPoint/,2020-05-01 00:00:00,Denver,Yes
190,Interactive,Account Leadership,6,PowerPoint/,2020-06-01 00:00:00,Boston,Yes
191,Interactive,Engineering,9,Python/MATLAB/,2020-03-01 00:00:00,Boston,No
192,Technology,Business,7,Excel/Salesforce/PowerPoint/,2020-03-01 00:00:00,DC,No
193,Strategy & Consulting,Security,3,PowerPoint/,2020-09-01 00:00:00,Boston,No
194,Interactive,Legal,4,Excel/Oral communication/Oral communication/,2020-01-01 00:00:00,Chicago,No
195,Technology,Engineering,11,Java/Excel/,2020-09-01 00:00:00,NYC,Yes
196,Strategy & Consulting,IT Operations,11,PowerPoint/PowerPoint/,2020-07-01 00:00:00,Chicago,Yes
197,Operations,Legal,1,Excel/Bar/PowerPoint/Bar/,2020-10-01 00:00:00,DC,Yes
198,Strategy & Consulting,Design,3,PowerPoint/React.js/Adobe/PhotoShop/,2020-01-01 00:00:00,Boston,Yes
199,Technology,Strategy,9,PowerPoint/Excel/,2020-11-01 00:00:00,Denver,Yes
200,Operations,Strategy,2,Excel/,2020-01-01 00:00:00,DC,Yes
201,Interactive,Human Resources,3,Workday/Excel/PowerPoint/,2020-03-01 00:00:00,Boston,No
202,Technology,Business,10,Salesforce/Salesforce/,2020-05-01 00:00:00,NYC,No
203,Interactive,Legal,5,Bar/PowerPoint/Oral communication/,2020-02-01 00:00:00,Denver,Yes
204,Technology,Security,8,Java/Oracle/PowerPoint/Cloud/,2020-09-01 00:00:00,NYC,No
205,Interactive,Design,10,React.js/React.js/,2020-11-01 00:00:00,DC,Yes
206,Interactive,Finance,10,Excel/SAP/,2020-06-01 00:00:00,Chicago,No
207,Technology,Business,6,PowerPoint/Excel/,2020-06-01 00:00:00,Denver,No
208,Interactive,Security,6,Java/Excel/,2020-07-01 00:00:00,Chicago,Yes
209,Technology,Design,1,Adobe/PhotoShop/,2020-11-01 00:00:00,Denver,Yes
210,Strategy & Consulting,Account Leadership,2,Excel/PowerPoint/,2020-12-01 00:00:00,Denver,No
211,Strategy & Consulting,Legal,2,Oral communication/,2020-04-01 00:00:00,NYC,Yes
212,Operations,Security,4,Oracle/Oracle/Java/Python/,2020-02-01 00:00:00,Boston,No
213,Operations,Engineering,5,PowerPoint/Python/Python/,2020-05-01 00:00:00,Boston,Yes
214,Strategy & Consulting,Account Leadership,5,Leadership/Leadership/Excel/,2020-12-01 00:00:00,Chicago,Yes
215,Operations,IT Operations,11,Excel/,2020-02-01 00:00:00,NYC,No
216,Strategy & Consulting,Human Resources,10,PowerPoint/PowerPoint/Workday/,2020-10-01 00:00:00,NYC,Yes
217,Technology,Legal,10,PowerPoint/Excel/Bar/Oral communication/,2020-09-01 00:00:00,Denver,No
218,Strategy & Consulting,Business,7,Excel/,2020-03-01 00:00:00,Boston,No
219,Strategy & Consulting,Strategy,2,Critical thinking/,2020-06-01 00:00:00,DC,Yes
220,Strategy & Consulting,Design,10,PhotoShop/PhotoShop/,2020-01-01 00:00:00,NYC,Yes
221,Interactive,Finance,10,QuickBooks/,2020-06-01 00:00:00,Boston,No
222,Technology,Security,5,Excel/Python/Excel/Java/,2020-05-01 00:00:00,Denver,No
223,Interactive,Account Leadership,1,Excel/,2020-03-01 00:00:00,Boston,Yes
224,Technology,IT Operations,11,PowerPoint/Oracle/Java/PowerPoint/,2020-05-01 00:00:00,Denver,Yes
225,Interactive,Strategy,2,PowerPoint/Critical thinking/PowerPoint/PowerPoint/,2020-08-01 00:00:00,NYC,No
226,Technology,Design,8,PowerPoint/PhotoShop/PowerPoint/React.js/,2020-04-01 00:00:00,NYC,No
227,Strategy & Consulting,Finance,9,QuickBooks/,2020-07-01 00:00:00,NYC,No
228,Operations,Human Resources,3,Workday/Oral communication/,2020-01-01 00:00:00,Boston,No
229,Technology,Security,1,Cloud/ML/ML/ML/,2020-07-01 00:00:00,NYC,No
230,Operations,Legal,5,Oral communication/Bar/Excel/Excel/,2020-07-01 00:00:00,Chicago,No
231,Technology,Finance,9,QuickBooks/PowerPoint/,2020-08-01 00:00:00,Chicago,No
232,Interactive,Strategy,11,Excel/PowerPoint/,2020-01-01 00:00:00,DC,Yes
233,Technology,IT Operations,2,Excel/Cloud/,2020-04-01 00:00:00,Chicago,Yes
234,Technology,Legal,5,Excel/Excel/Bar/,2020-04-01 00:00:00,DC,Yes
235,Technology,IT Operations,6,Oracle/Python/PowerPoint/PowerPoint/,2020-09-01 00:00:00,DC,Yes
236,Operations,Human Resources,8,Excel/Oral communication/,2020-03-01 00:00:00,Boston,Yes
237,Operations,Strategy,11,Excel/PowerPoint/,2020-04-01 00:00:00,Denver,No
238,Operations,Legal,7,Excel/Oral communication/Bar/Oral communication/,2020-05-01 00:00:00,Chicago,Yes
239,Interactive,Strategy,10,Excel/,2020-04-01 00:00:00,NYC,Yes
240,Strategy & Consulting,Engineering,6,Excel/MATLAB/,2020-04-01 00:00:00,Chicago,Yes
241,Technology,Engineering,3,Python/,2020-01-01 00:00:00,NYC,Yes
242,Operations,IT Operations,7,Cloud/ML/Oracle/Excel/,2020-01-01 00:00:00,Boston,No
243,Strategy & Consulting,Account Leadership,1,PowerPoint/,2020-12-01 00:00:00,Boston,No
244,Operations,Account Leadership,1,PowerPoint/Leadership/Oral communication/Excel/,2020-07-01 00:00:00,DC,No
245,Technology,Legal,3,Oral communication/PowerPoint/Bar/,2020-06-01 00:00:00,Chicago,No
246,Interactive,Engineering,2,Java/,2020-03-01 00:00:00,Boston,Yes
247,Interactive,Account Leadership,2,Leadership/Cloud/Oral communication/,2020-10-01 00:00:00,DC,No
248,Strategy & Consulting,IT Operations,9,Excel/Oracle/,2020-11-01 00:00:00,DC,Yes
249,Interactive,Legal,4,Oral communication/,2020-08-01 00:00:00,Chicago,No
250,Interactive,Business,9,Salesforce/Excel/,2020-11-01 00:00:00,DC,No
251,Operations,IT Operations,6,Oracle/Excel/Excel/ML/,2020-01-01 00:00:00,NYC,No
252,Operations,Business,3,PowerPoint/,2020-06-01 00:00:00,Chicago,Yes
253,Operations,Design,5,Adobe/Adobe/,2020-12-01 00:00:00,Boston,Yes
254,Operations,IT Operations,2,Oracle/ML/,2020-08-01 00:00:00,Boston,No
255,Technology,Human Resources,3,Oral communication/,2020-03-01 00:00:00,Denver,No
256,Operations,Strategy,10,PowerPoint/,2020-01-01 00:00:00,NYC,Yes
257,Operations,Finance,3,PowerPoint/SAP/Excel/,2020-02-01 00:00:00,Chicago,Yes
258,Operations,IT Operations,11,Oracle/,2020-04-01 00:00:00,Denver,Yes
259,Strategy & Consulting,Human Resources,5,Workday/Oral communication/Oral communication/PowerPoint/,2020-08-01 00:00:00,Boston,Yes
260,Operations,Legal,8,PowerPoint/PowerPoint/PowerPoint/Oral communication/,2020-12-01 00:00:00,Chicago,No
261,Technology,Design,2,Adobe/PowerPoint/Excel/,2020-02-01 00:00:00,Boston,Yes
262,Technology,Engineering,7,MATLAB/,2020-04-01 00:00:00,DC,No
263,Interactive,Account Leadership,8,Excel/Oral communication/,2020-07-01 00:00:00,DC,No
264,Operations,Legal,3,Excel/Oral communication/Bar/Bar/,2020-11-01 00:00:00,Chicago,Yes
265,Operations,IT Operations,7,Excel/Cloud/Excel/,2020-12-01 00:00:00,Denver,No
266,Strategy & Consulting,Design,1,PowerPoint/Adobe/PhotoShop/,2020-11-01 00:00:00,Boston,No
267,Interactive,Account Leadership,4,Excel/,2020-07-01 00:00:00,NYC,Yes
268,Strategy & Consulting,Design,6,React.js/Excel/,2020-09-01 00:00:00,Boston,Yes
269,Interactive,Account Leadership,5,PowerPoint/Excel/ML/,2020-11-01 00:00:00,NYC,No
270,Operations,Account Leadership,4,Cloud/PowerPoint/Oral communication/Excel/,2020-12-01 00:00:00,NYC,Yes
271,Operations,Strategy,3,PowerPoint/PowerPoint/Critical thinking/,2020-12-01 00:00:00,Boston,No
272,Interactive,Strategy,1,Excel/Excel/,2020-02-01 00:00:00,NYC,Yes
273,Strategy & Consulting,Legal,1,PowerPoint/,2020-05-01 00:00:00,Denver,No
274,Operations,Legal,4,Bar/Oral communication/PowerPoint/,2020-06-01 00:00:00,Denver,Yes
275,Interactive,Engineering,7,Python/PowerPoint/Java/,2020-06-01 00:00:00,Denver,No
276,Operations,Business,3,Salesforce/Salesforce/,2020-09-01 00:00:00,Chicago,Yes
277,Strategy & Consulting,Security,7,Oracle/,2020-02-01 00:00:00,Chicago,No
278,Interactive,Finance,5,PowerPoint/PowerPoint/,2020-12-01 00:00:00,NYC,Yes
279,Strategy & Consulting,Finance,5,SAP/QuickBooks/,2020-09-01 00:00:00,Chicago,No
280,Interactive,Legal,6,Excel/,2020-05-01 00:00:00,Denver,Yes
281,Technology,Business,1,PowerPoint/Excel/,2020-02-01 00:00:00,DC,Yes
282,Operations,Engineering,5,PowerPoint/Java/,2020-05-01 00:00:00,NYC,Yes
283,Technology,Business,10,Excel/,2020-08-01 00:00:00,DC,No
284,Operations,IT Operations,11,PowerPoint/ML/ML/Excel/,2020-04-01 00:00:00,Chicago,Yes
285,Operations,Account Leadership,3,ML/,2020-05-01 00:00:00,DC,No
286,Operations,Business,8,Excel/Salesforce/,2020-03-01 00:00:00,NYC,No
287,Strategy & Consulting,Security,8,Excel/,2020-03-01 00:00:00,DC,Yes
288,Operations,Engineering,10,MATLAB/Java/,2020-02-01 00:00:00,Denver,No
289,Interactive,Finance,8,SAP/PowerPoint/Excel/PowerPoint/,2020-03-01 00:00:00,Chicago,No
290,Operations,Human Resources,10,Workday/Workday/,2020-03-01 00:00:00,DC,Yes
291,Technology,Business,9,PowerPoint/PowerPoint/Excel/,2020-08-01 00:00:00,Chicago,Yes
292,Technology,Engineering,4,Excel/MATLAB/MATLAB/,2020-06-01 00:00:00,Denver,No
293,Operations,Engineering,8,PowerPoint/Java/Python/,2020-01-01 00:00:00,Denver,No
294,Interactive,Legal,4,Oral communication/Oral communication/Bar/Oral communication/,2020-05-01 00:00:00,Denver,Yes
295,Operations,Business,9,PowerPoint/Salesforce/Excel/Excel/,2020-02-01 00:00:00,Chicago,Yes
296,Strategy & Consulting,Finance,9,Excel/,2020-10-01 00:00:00,Chicago,Yes
297,Interactive,Legal,9,Bar/,2020-11-01 00:00:00,DC,No
298,Strategy & Consulting,Design,5,PhotoShop/PhotoShop/Excel/,2020-04-01 00:00:00,NYC,Yes
299,Strategy & Consulting,Design,5,PhotoShop/React.js/,2020-09-01 00:00:00,Chicago,Yes
300,Operations,Business,6,Excel/Excel/,2020-04-01 00:00:00,Chicago,No
301,Technology,Engineering,8,Java/Excel/Java/MATLAB/,2020-09-01 00:00:00,Denver,Yes
302,Technology,Strategy,7,PowerPoint/,2020-12-01 00:00:00,Denver,Yes
303,Operations,Security,9,Oracle/Oracle/,2020-02-01 00:00:00,NYC,No
304,Technology,Legal,6,PowerPoint/,2020-03-01 00:00:00,Denver,Yes
305,Technology,Business,4,Salesforce/Salesforce/,2020-11-01 00:00:00,Chicago,No
306,Technology,Strategy,11,PowerPoint/,2020-04-01 00:00:00,Boston,No
307,Technology,Security,10,Excel/,2020-10-01 00:00:00,Boston,Yes
308,Technology,Human Resources,6,PowerPoint/Excel/Oral communication/Excel/,2020-12-01 00:00:00,Chicago,Yes
309,Interactive,Account Leadership,10,Excel/Leadership/PowerPoint/Oral communication/,2020-12-01 00:00:00,NYC,No
310,Interactive,Business,1,Salesforce/PowerPoint/Excel/,2020-10-01 00:00:00,NYC,No
311,Operations,Security,5,Cloud/,2020-03-01 00:00:00,Chicago,Yes
312,Operations,Strategy,6,Excel/Excel/Critical thinking/,2020-11-01 00:00:00,DC,Yes
313,Technology,Engineering,6,Python/Java/Python/,2020-08-01 00:00:00,Boston,Yes
314,Interactive,Finance,3,QuickBooks/QuickBooks/QuickBooks/Excel/,2020-08-01 00:00:00,DC,No
315,Operations,Engineering,4,Excel/,2020-05-01 00:00:00,Chicago,Yes
316,Strategy & Consulting,IT Operations,8,Excel/Excel/,2020-10-01 00:00:00,Denver,No
317,Operations,Security,4,ML/ML/,2020-02-01 00:00:00,Chicago,No
318,Strategy & Consulting,IT Operations,2,Excel/PowerPoint/,2020-03-01 00:00:00,Chicago,Yes
319,Interactive,Design,3,Excel/Excel/Excel/,2020-04-01 00:00:00,Boston,No
320,Strategy & Consulting,Engineering,6,Python/Python/,2020-06-01 00:00:00,Boston,No
321,Technology,Account Leadership,1,Excel/Excel/PowerPoint/Leadership/,2020-09-01 00:00:00,NYC,No
322,Strategy & Consulting,Legal,10,Bar/PowerPoint/PowerPoint/Excel/,2020-07-01 00:00:00,Denver,No
323,Interactive,Strategy,2,Critical thinking/PowerPoint/Critical thinking/,2020-06-01 00:00:00,NYC,Yes
324,Interactive,Account Leadership,6,Leadership/Oral communication/Oral communication/,2020-02-01 00:00:00,Boston,Yes
325,Interactive,IT Operations,2,Cloud/Oracle/Java/Oracle/,2020-08-01 00:00:00,Denver,No
326,Interactive,Business,9,Excel/PowerPoint/Salesforce/PowerPoint/,2020-02-01 00:00:00,NYC,No
327,Operations,Security,11,ML/Cloud/,2020-05-01 00:00:00,Denver,No
328,Interactive,Account Leadership,4,Excel/Cloud/Cloud/,2020-09-01 00:00:00,Boston,No
329,Strategy & Consulting,Engineering,2,Python/Java/Excel/Java/,2020-03-01 00:00:00,DC,Yes
330,Technology,Finance,4,Excel/,2020-10-01 00:00:00,Denver,Yes
331,Strategy & Consulting,IT Operations,9,Java/,2020-02-01 00:00:00,Boston,Yes
332,Strategy & Consulting,Human Resources,11,Oral communication/Oral communication/,2020-08-01 00:00:00,Chicago,No
333,Interactive,Strategy,10,Excel/,2020-10-01 00:00:00,Boston,Yes
334,Interactive,Strategy,7,Critical thinking/Critical thinking/,2020-07-01 00:00:00,DC,No
335,Interactive,Human Resources,10,PowerPoint/,2020-12-01 00:00:00,Denver,Yes
336,Technology,Design,5,Adobe/Excel/,2020-03-01 00:00:00,Chicago,No
337,Strategy & Consulting,Human Resources,11,PowerPoint/Excel/,2020-05-01 00:00:00,Boston,Yes
338,Interactive,Human Resources,5,PowerPoint/,2020-08-01 00:00:00,DC,Yes
339,Strategy & Consulting,Business,3,Excel/PowerPoint/PowerPoint/Salesforce/,2020-12-01 00:00:00,Boston,No
340,Operations,Human Resources,1,Oral communication/,2020-10-01 00:00:00,Boston,No
341,Interactive,Legal,3,Bar/Oral communication/Bar/,2020-05-01 00:00:00,Denver,Yes
342,Interactive,Strategy,6,Critical thinking/PowerPoint/,2020-10-01 00:00:00,Chicago,No
343,Operations,Human Resources,2,Oral communication/Oral communication/,2020-10-01 00:00:00,NYC,No
344,Interactive,Legal,4,Bar/Oral communication/,2020-06-01 00:00:00,Denver,Yes
345,Interactive,Account Leadership,5,Oral communication/,2020-06-01 00:00:00,Boston,Yes
346,Strategy & Consulting,Business,8,Salesforce/PowerPoint/,2020-03-01 00:00:00,Boston,Yes
347,Interactive,Strategy,3,PowerPoint/,2020-06-01 00:00:00,Denver,No
348,Technology,Human Resources,5,Oral communication/Workday/Workday/Excel/,2020-03-01 00:00:00,DC,No
349,Strategy & Consulting,IT Operations,5,Cloud/,2020-04-01 00:00:00,NYC,Yes
350,Strategy & Consulting,Design,2,Adobe/Excel/React.js/Adobe/,2020-02-01 00:00:00,Denver,Yes
351,Technology,Engineering,5,PowerPoint/,2020-03-01 00:00:00,Chicago,No
352,Strategy & Consulting,Business,2,PowerPoint/,2020-06-01 00:00:00,DC,No
353,Strategy & Consulting,Security,8,ML/Python/Java/,2020-11-01 00:00:00,DC,No
354,Operations,Business,10,Excel/Excel/PowerPoint/Salesforce/,2020-06-01 00:00:00,DC,No
355,Interactive,IT Operations,3,PowerPoint/Excel/,2020-12-01 00:00:00,DC,No
356,Technology,Business,5,Salesforce/Excel/Salesforce/PowerPoint/,2020-12-01 00:00:00,Chicago,Yes
357,Strategy & Consulting,Strategy,5,Excel/Critical thinking/,2020-06-01 00:00:00,DC,Yes
358,Strategy & Consulting,Strategy,10,Critical thinking/Excel/Excel/PowerPoint/,2020-04-01 00:00:00,Chicago,Yes
359,Strategy & Consulting,Engineering,11,PowerPoint/,2020-05-01 00:00:00,Denver,No
360,Operations,Business,5,PowerPoint/Excel/,2020-11-01 00:00:00,NYC,No
361,Interactive,Business,6,Excel/Excel/PowerPoint/PowerPoint/,2020-02-01 00:00:00,Chicago,Yes
362,Operations,Strategy,9,PowerPoint/PowerPoint/,2020-01-01 00:00:00,Boston,Yes
363,Interactive,Design,7,PhotoShop/,2020-01-01 00:00:00,DC,No
364,Strategy & Consulting,Business,6,PowerPoint/,2020-12-01 00:00:00,DC,No
365,Operations,Design,6,Adobe/,2020-03-01 00:00:00,Chicago,Yes
366,Strategy & Consulting,Human Resources,1,Excel/Workday/,2020-07-01 00:00:00,NYC,Yes
367,Operations,Legal,4,Excel/PowerPoint/Bar/,2020-07-01 00:00:00,Denver,Yes
368,Strategy & Consulting,Legal,6,Oral communication/Excel/PowerPoint/,2020-03-01 00:00:00,Denver,No
369,Technology,Account Leadership,10,PowerPoint/,2020-08-01 00:00:00,Denver,Yes
370,Interactive,Finance,4,SAP/,2020-02-01 00:00:00,Chicago,Yes
371,Interactive,Design,6,PhotoShop/Excel/,2020-02-01 00:00:00,DC,No
372,Strategy & Consulting,Human Resources,6,Workday/Excel/Oral communication/,2020-04-01 00:00:00,Denver,Yes
373,Operations,Strategy,9,PowerPoint/PowerPoint/,2020-03-01 00:00:00,Denver,Yes
374,Strategy & Consulting,Business,10,PowerPoint/Excel/,2020-04-01 00:00:00,NYC,No
375,Technology,Legal,2,Excel/PowerPoint/,2020-02-01 00:00:00,Denver,Yes
376,Interactive,Strategy,6,PowerPoint/Critical thinking/Excel/PowerPoint/,2020-05-01 00:00:00,Boston,No
377,Operations,Human Resources,10,Workday/PowerPoint/PowerPoint/PowerPoint/,2020-12-01 00:00:00,NYC,No
378,Technology,Design,9,PowerPoint/,2020-03-01 00:00:00,Chicago,Yes
379,Interactive,Security,11,Oracle/ML/,2020-06-01 00:00:00,Boston,No
380,Strategy & Consulting,Human Resources,9,Workday/Workday/Excel/Excel/,2020-01-01 00:00:00,Boston,No
381,Interactive,Design,5,Excel/PowerPoint/PhotoShop/,2020-08-01 00:00:00,Denver,Yes
382,Technology,Design,9,PhotoShop/Adobe/React.js/,2020-10-01 00:00:00,Boston,No
383,Strategy & Consulting,Human Resources,2,PowerPoint/,2020-10-01 00:00:00,Boston,No
384,Strategy & Consulting,Security,5,Java/,2020-11-01 00:00:00,Boston,No
385,Interactive,Account Leadership,10,Cloud/Oral communication/ML/Cloud/,2020-01-01 00:00:00,Boston,No
386,Interactive,Account Leadership,3,PowerPoint/Leadership/Oral communication/,2020-08-01 00:00:00,DC,No
387,Technology,Strategy,10,Excel/PowerPoint/PowerPoint/Excel/,2020-08-01 00:00:00,NYC,No
388,Operations,Human Resources,7,Workday/Oral communication/,2020-12-01 00:00:00,Chicago,Yes
389,Strategy & Consulting,Strategy,7,Critical thinking/Excel/PowerPoint/PowerPoint/,2020-06-01 00:00:00,Boston,Yes
390,Operations,Engineering,7,Java/,2020-09-01 00:00:00,NYC,No
391,Operations,IT Operations,7,Oracle/Oracle/,2020-12-01 00:00:00,Boston,No
392,Operations,Engineering,4,MATLAB/MATLAB/,2020-06-01 00:00:00,DC,No
393,Strategy & Consulting,Human Resources,3,Excel/,2020-09-01 00:00:00,NYC,Yes
394,Operations,Business,8,PowerPoint/Salesforce/,2020-07-01 00:00:00,NYC,Yes
395,Strategy & Consulting,Strategy,4,Critical thinking/Critical thinking/Excel/PowerPoint/,2020-09-01 00:00:00,Boston,Yes
396,Operations,Strategy,7,PowerPoint/PowerPoint/,2020-05-01 00:00:00,Chicago,No
397,Strategy & Consulting,Legal,10,PowerPoint/PowerPoint/,2020-04-01 00:00:00,NYC,No
398,Technology,Human Resources,6,PowerPoint/Workday/,2020-10-01 00:00:00,DC,No
399,Interactive,Legal,1,PowerPoint/,2020-03-01 00:00:00,Chicago,Yes
400,Interactive,Account Leadership,9,Excel/Cloud/Cloud/,2020-08-01 00:00:00,Chicago,Yes
401,Technology,Business,5,PowerPoint/Excel/PowerPoint/,2020-09-01 00:00:00,Denver,No
402,Operations,Account Leadership,1,PowerPoint/,2020-01-01 00:00:00,Denver,No
403,Interactive,Design,1,React.js/PhotoShop/,2020-07-01 00:00:00,Denver,Yes
404,Interactive,IT Operations,8,ML/Python/,2020-11-01 00:00:00,DC,No
405,Operations,Strategy,5,Critical thinking/,2020-02-01 00:00:00,Boston,No
406,Strategy & Consulting,Engineering,10,MATLAB/,2020-11-01 00:00:00,DC,Yes
407,Interactive,Design,11,Excel/PhotoShop/,2020-03-01 00:00:00,NYC,Yes
408,Operations,Finance,11,QuickBooks/SAP/SAP/SAP/,2020-02-01 00:00:00,DC,No
409,Technology,Finance,7,Excel/SAP/,2020-06-01 00:00:00,DC,Yes
410,Technology,Security,1,Java/,2020-02-01 00:00:00,Chicago,No
411,Strategy & Consulting,Strategy,1,Critical thinking/,2020-04-01 00:00:00,NYC,No
412,Interactive,Strategy,7,Excel/PowerPoint/Critical thinking/,2020-01-01 00:00:00,Chicago,No
413,Operations,Human Resources,1,Oral communication/Workday/Excel/,2020-05-01 00:00:00,Denver,No
414,Strategy & Consulting,Finance,8,PowerPoint/SAP/,2020-09-01 00:00:00,Chicago,No
415,Technology,Account Leadership,6,PowerPoint/PowerPoint/,2020-05-01 00:00:00,NYC,No
416,Operations,Account Leadership,10,PowerPoint/Leadership/Excel/,2020-07-01 00:00:00,Chicago,No
417,Operations,IT Operations,10,ML/Java/Excel/Cloud/,2020-12-01 00:00:00,Chicago,Yes
418,Strategy & Consulting,Account Leadership,8,PowerPoint/Oral communication/Cloud/,2020-02-01 00:00:00,NYC,No
419,Strategy & Consulting,Engineering,10,Java/Python/Java/,2020-07-01 00:00:00,Chicago,No
420,Strategy & Consulting,IT Operations,5,Cloud/Java/Cloud/PowerPoint/,2020-03-01 00:00:00,Denver,Yes
421,Technology,Finance,6,SAP/,2020-01-01 00:00:00,DC,Yes
422,Technology,Engineering,7,PowerPoint/PowerPoint/Excel/Python/,2020-05-01 00:00:00,NYC,No
423,Interactive,Human Resources,7,Workday/Workday/,2020-03-01 00:00:00,DC,No
424,Technology,Legal,9,Bar/,2020-08-01 00:00:00,Denver,Yes
425,Operations,Legal,6,PowerPoint/Oral communication/PowerPoint/Bar/,2020-05-01 00:00:00,NYC,Yes
426,Operations,IT Operations,6,ML/,2020-03-01 00:00:00,Boston,Yes
427,Technology,Human Resources,9,Excel/Excel/,2020-04-01 00:00:00,Boston,Yes
428,Strategy & Consulting,Strategy,8,PowerPoint/,2020-04-01 00:00:00,NYC,Yes
429,Operations,IT Operations,5,Cloud/Cloud/,2020-09-01 00:00:00,Boston,Yes
430,Operations,Account Leadership,6,Excel/Oral communication/,2020-05-01 00:00:00,NYC,No
431,Interactive,Business,7,Salesforce/PowerPoint/,2020-09-01 00:00:00,Chicago,Yes
432,Interactive,Legal,1,Bar/,2020-11-01 00:00:00,NYC,No
433,Interactive,Security,10,Cloud/Cloud/Cloud/,2020-10-01 00:00:00,Chicago,No
434,Technology,Account Leadership,6,ML/PowerPoint/,2020-09-01 00:00:00,Denver,Yes
435,Interactive,Security,1,Excel/Python/,2020-02-01 00:00:00,Boston,No
436,Interactive,Account Leadership,10,Oral communication/PowerPoint/,2020-11-01 00:00:00,Boston,Yes
437,Strategy & Consulting,Business,10,Excel/Salesforce/Excel/Salesforce/,2020-03-01 00:00:00,Boston,Yes
438,Technology,Human Resources,1,Workday/Workday/,2020-12-01 00:00:00,Chicago,Yes
439,Operations,Legal,5,Bar/Excel/,2020-09-01 00:00:00,DC,Yes
440,Strategy & Consulting,Legal,6,Bar/,2020-02-01 00:00:00,Denver,Yes
441,Technology,Legal,4,PowerPoint/,2020-01-01 00:00:00,NYC,No
442,Interactive,Business,2,Excel/Excel/Salesforce/PowerPoint/,2020-03-01 00:00:00,Denver,Yes
443,Strategy & Consulting,Strategy,11,PowerPoint/Critical thinking/,2020-10-01 00:00:00,NYC,No
444,Strategy & Consulting,Account Leadership,10,Excel/Cloud/Excel/ML/,2020-01-01 00:00:00,Boston,Yes
445,Interactive,Finance,1,Excel/QuickBooks/Excel/,2020-03-01 00:00:00,Chicago,No
446,Interactive,Business,8,Excel/Salesforce/Excel/,2020-06-01 00:00:00,NYC,No
447,Operations,Account Leadership,7,Cloud/Cloud/Excel/Cloud/,2020-10-01 00:00:00,Chicago,No
448,Interactive,Strategy,2,PowerPoint/PowerPoint/PowerPoint/PowerPoint/,2020-07-01 00:00:00,Boston,No
449,Operations,Human Resources,4,PowerPoint/Workday/,2020-06-01 00:00:00,DC,No
450,Technology,Engineering,5,Java/PowerPoint/,2020-11-01 00:00:00,Boston,Yes
451,Strategy & Consulting,Strategy,6,Critical thinking/Critical thinking/PowerPoint/,2020-07-01 00:00:00,DC,No
452,Strategy & Consulting,Legal,4,Oral communication/PowerPoint/,2020-02-01 00:00:00,DC,No
453,Technology,Human Resources,3,Oral communication/PowerPoint/Workday/,2020-01-01 00:00:00,DC,No
454,Operations,Design,7,Excel/,2020-01-01 00:00:00,Denver,No
455,Technology,Strategy,5,Critical thinking/,2020-12-01 00:00:00,DC,Yes
456,Technology,Security,11,ML/Python/,2020-02-01 00:00:00,NYC,No
457,Operations,Engineering,7,Java/PowerPoint/Excel/PowerPoint/,2020-09-01 00:00:00,Chicago,No
458,Strategy & Consulting,IT Operations,5,Oracle/PowerPoint/Python/Oracle/,2020-06-01 00:00:00,Chicago,Yes
459,Technology,Finance,5,QuickBooks/PowerPoint/QuickBooks/PowerPoint/,2020-04-01 00:00:00,DC,Yes
460,Technology,Account Leadership,11,Leadership/Cloud/Leadership/,2020-09-01 00:00:00,DC,Yes
461,Operations,Strategy,4,Critical thinking/Excel/,2020-10-01 00:00:00,NYC,No
462,Interactive,Design,10,Adobe/Excel/,2020-02-01 00:00:00,Boston,No
463,Technology,Account Leadership,8,Leadership/Excel/Excel/,2020-01-01 00:00:00,Chicago,No
464,Strategy & Consulting,Strategy,9,Critical thinking/PowerPoint/Critical thinking/,2020-08-01 00:00:00,DC,Yes
465,Strategy & Consulting,Business,8,Salesforce/Excel/Excel/PowerPoint/,2020-01-01 00:00:00,Denver,No
466,Technology,Engineering,1,MATLAB/Java/MATLAB/,2020-05-01 00:00:00,DC,No
467,Technology,Engineering,9,Python/Python/PowerPoint/PowerPoint/,2020-05-01 00:00:00,DC,No
468,Operations,Finance,2,SAP/SAP/SAP/,2020-04-01 00:00:00,Boston,No
469,Technology,Engineering,2,Excel/,2020-06-01 00:00:00,DC,Yes
470,Interactive,Security,8,Java/Excel/,2020-08-01 00:00:00,Chicago,Yes
471,Strategy & Consulting,Account Leadership,9,Oral communication/Cloud/Leadership/,2020-07-01 00:00:00,NYC,Yes
472,Technology,Legal,5,Oral communication/Oral communication/Oral communication/Bar/,2020-01-01 00:00:00,Chicago,No
473,Operations,Engineering,1,MATLAB/Python/,2020-01-01 00:00:00,NYC,Yes
474,Technology,Finance,9,Excel/Excel/QuickBooks/,2020-09-01 00:00:00,Chicago,Yes
475,Strategy & Consulting,Engineering,2,Java/Java/Python/,2020-07-01 00:00:00,DC,Yes
476,Interactive,IT Operations,3,Oracle/,2020-06-01 00:00:00,DC,Yes
477,Interactive,Security,8,Python/,2020-01-01 00:00:00,Denver,Yes
478,Technology,Design,9,PhotoShop/,2020-02-01 00:00:00,Boston,No
479,Technology,Legal,1,Bar/PowerPoint/,2020-08-01 00:00:00,Denver,Yes
480,Strategy & Consulting,Design,5,React.js/Adobe/,2020-04-01 00:00:00,Denver,No
481,Strategy & Consulting,Security,5,Excel/Java/Java/Java/,2020-07-01 00:00:00,Denver,Yes
482,Strategy & Consulting,Legal,2,PowerPoint/Excel/Excel/,2020-03-01 00:00:00,Denver,Yes
483,Interactive,Human Resources,9,Workday/Excel/,2020-05-01 00:00:00,Chicago,No
484,Strategy & Consulting,Strategy,9,PowerPoint/PowerPoint/PowerPoint/PowerPoint/,2020-09-01 00:00:00,Denver,Yes
485,Technology,Design,10,Adobe/,2020-04-01 00:00:00,Chicago,Yes
486,Interactive,Business,10,Excel/Excel/Salesforce/Excel/,2020-04-01 00:00:00,Denver,No
487,Technology,IT Operations,11,PowerPoint/Python/,2020-02-01 00:00:00,Chicago,Yes
488,Operations,Finance,2,QuickBooks/QuickBooks/,2020-08-01 00:00:00,Chicago,No
489,Operations,Legal,9,Bar/,2020-09-01 00:00:00,Denver,No
490,Interactive,Engineering,9,PowerPoint/,2020-02-01 00:00:00,Denver,No
491,Interactive,Legal,10,PowerPoint/PowerPoint/Oral communication/PowerPoint/,2020-07-01 00:00:00,Chicago,Yes
492,Strategy & Consulting,Human Resources,5,Oral communication/Workday/Excel/Oral communication/,2020-07-01 00:00:00,Denver,No
493,Strategy & Consulting,Business,1,Salesforce/PowerPoint/Excel/PowerPoint/,2020-07-01 00:00:00,NYC,Yes
494,Strategy & Consulting,IT Operations,3,Cloud/ML/Excel/,2020-08-01 00:00:00,NYC,No
495,Interactive,Business,10,Salesforce/Salesforce/PowerPoint/PowerPoint/,2020-03-01 00:00:00,DC,Yes
496,Interactive,Finance,4,QuickBooks/QuickBooks/SAP/,2020-06-01 00:00:00,Denver,Yes
497,Technology,Design,6,Excel/React.js/Adobe/React.js/,2020-08-01 00:00:00,DC,No
498,Interactive,Human Resources,4,Excel/,2020-11-01 00:00:00,DC,Yes
499,Strategy & Consulting,IT Operations,10,Python/Excel/Excel/,2020-07-01 00:00:00,Boston,No
500,Operations,Design,4,Excel/Adobe/Adobe/,2020-02-01 00:00:00,Boston,No
501,Technology,IT Operations,5,Cloud/,2020-02-01 00:00:00,Denver,No
502,Interactive,Human Resources,8,Oral communication/Workday/Excel/Excel/,2020-08-01 00:00:00,NYC,No
503,Operations,Human Resources,9,PowerPoint/Excel/,2020-01-01 00:00:00,Boston,Yes
504,Strategy & Consulting,IT Operations,6,ML/Cloud/,2020-10-01 00:00:00,NYC,Yes
505,Interactive,Strategy,3,Critical thinking/PowerPoint/Critical thinking/,2020-09-01 00:00:00,DC,Yes
506,Strategy & Consulting,Security,10,Java/Python/Cloud/,2020-07-01 00:00:00,NYC,No
507,Operations,Legal,1,PowerPoint/PowerPoint/Oral communication/PowerPoint/,2020-01-01 00:00:00,DC,Yes
508,Strategy & Consulting,Engineering,1,Java/PowerPoint/Excel/,2020-04-01 00:00:00,NYC,Yes
509,Strategy & Consulting,Finance,6,PowerPoint/SAP/,2020-11-01 00:00:00,NYC,No
510,Technology,Account Leadership,11,Leadership/Cloud/Excel/Cloud/,2020-10-01 00:00:00,NYC,Yes
511,Operations,Design,3,React.js/Excel/,2020-07-01 00:00:00,DC,Yes
512,Interactive,Engineering,10,Java/Python/,2020-05-01 00:00:00,Chicago,No
513,Technology,Strategy,9,Excel/PowerPoint/,2020-09-01 00:00:00,Boston,Yes
514,Strategy & Consulting,Engineering,9,Java/Python/MATLAB/Excel/,2020-07-01 00:00:00,Chicago,No
515,Strategy & Consulting,Finance,6,Excel/SAP/SAP/,2020-10-01 00:00:00,Denver,No
516,Operations,Security,5,Cloud/Cloud/Cloud/Excel/,2020-11-01 00:00:00,NYC,Yes
517,Technology,Engineering,1,Python/PowerPoint/Excel/,2020-11-01 00:00:00,Chicago,Yes
518,Interactive,Legal,7,Excel/,2020-07-01 00:00:00,Boston,No
519,Operations,Security,11,Java/PowerPoint/,2020-12-01 00:00:00,DC,Yes
520,Operations,Human Resources,5,Workday/Excel/,2020-12-01 00:00:00,Chicago,Yes
521,Technology,Engineering,6,Excel/Excel/PowerPoint/,2020-05-01 00:00:00,NYC,Yes
522,Interactive,Design,6,PhotoShop/Excel/,2020-09-01 00:00:00,Chicago,No
523,Technology,IT Operations,5,Oracle/Excel/,2020-04-01 00:00:00,NYC,No
524,Strategy & Consulting,Engineering,4,PowerPoint/Excel/MATLAB/,2020-07-01 00:00:00,Denver,No
525,Operations,Legal,8,Excel/Bar/Oral communication/,2020-01-01 00:00:00,Boston,No
526,Interactive,Finance,6,SAP/PowerPoint/SAP/,2020-06-01 00:00:00,Denver,Yes
527,Strategy & Consulting,Strategy,2,PowerPoint/,2020-03-01 00:00:00,Boston,Yes
528,Interactive,Security,4,Python/Java/Cloud/Cloud/,2020-01-01 00:00:00,DC,Yes
529,Technology,Legal,5,Excel/,2020-12-01 00:00:00,Chicago,Yes
530,Interactive,Design,7,Excel/PowerPoint/React.js/,2020-02-01 00:00:00,DC,No
531,Technology,Finance,2,PowerPoint/,2020-09-01 00:00:00,Chicago,No
532,Strategy & Consulting,Design,5,React.js/Excel/Adobe/,2020-04-01 00:00:00,Boston,Yes
533,Strategy & Consulting,IT Operations,1,ML/,2020-02-01 00:00:00,Chicago,No
534,Strategy & Consulting,Design,9,PhotoShop/React.js/PowerPoint/React.js/,2020-05-01 00:00:00,Boston,No
535,Interactive,IT Operations,6,Cloud/Java/Oracle/Python/,2020-06-01 00:00:00,Denver,No
536,Operations,Strategy,1,PowerPoint/PowerPoint/Critical thinking/Excel/,2020-06-01 00:00:00,Denver,No
537,Interactive,Design,9,Excel/,2020-05-01 00:00:00,Denver,No
538,Operations,Human Resources,7,Oral communication/Workday/Workday/,2020-10-01 00:00:00,Boston,No
539,Technology,Finance,10,QuickBooks/Excel/PowerPoint/,2020-12-01 00:00:00,Chicago,Yes
540,Operations,IT Operations,5,ML/,2020-07-01 00:00:00,Boston,No
541,Strategy & Consulting,IT Operations,6,Java/PowerPoint/Excel/Cloud/,2020-01-01 00:00:00,DC,No
542,Technology,Business,8,Excel/Excel/PowerPoint/Salesforce/,2020-12-01 00:00:00,Denver,Yes
543,Strategy & Consulting,Security,8,Python/,2020-12-01 00:00:00,DC,No
544,Interactive,Design,2,Adobe/React.js/PhotoShop/,2020-12-01 00:00:00,DC,No
545,Strategy & Consulting,Account Leadership,2,PowerPoint/Excel/,2020-07-01 00:00:00,Denver,No
546,Technology,Security,10,Oracle/,2020-10-01 00:00:00,Denver,Yes
547,Operations,Strategy,7,Excel/,2020-06-01 00:00:00,Boston,Yes
548,Strategy & Consulting,Security,10,ML/,2020-11-01 00:00:00,Denver,Yes
549,Technology,Engineering,10,MATLAB/MATLAB/Python/,2020-05-01 00:00:00,Chicago,Yes
550,Technology,Engineering,1,Java/,2020-02-01 00:00:00,DC,Yes
551,Interactive,Human Resources,8,Oral communication/Workday/Excel/,2020-12-01 00:00:00,Denver,Yes
552,Operations,Finance,11,QuickBooks/,2020-07-01 00:00:00,NYC,No
553,Technology,Engineering,6,Java/Excel/,2020-07-01 00:00:00,NYC,Yes
554,Interactive,Business,8,Salesforce/Excel/,2020-01-01 00:00:00,Chicago,No
555,Technology,Human Resources,4,Excel/Workday/,2020-02-01 00:00:00,NYC,No
556,Technology,Engineering,7,MATLAB/,2020-03-01 00:00:00,Boston,Yes
557,Technology,Engineering,8,Python/,2020-01-01 00:00:00,NYC,Yes
558,Operations,Engineering,10,Java/Java/,2020-05-01 00:00:00,DC,No
559,Technology,Account Leadership,6,Excel/PowerPoint/,2020-01-01 00:00:00,NYC,Yes
560,Operations,Engineering,4,MATLAB/,2020-04-01 00:00:00,Denver,Yes
561,Operations,Engineering,9,Python/MATLAB/PowerPoint/,2020-07-01 00:00:00,Denver,No
562,Operations,Strategy,7,Critical thinking/,2020-10-01 00:00:00,Chicago,Yes
563,Operations,Legal,9,Oral communication/Oral communication/,2020-03-01 00:00:00,Chicago,Yes
564,Technology,Human Resources,10,Excel/PowerPoint/,2020-09-01 00:00:00,DC,No
565,Operations,Legal,6,Bar/,2020-11-01 00:00:00,Boston,No
566,Technology,Strategy,3,Critical thinking/PowerPoint/,2020-09-01 00:00:00,DC,Yes
567,Technology,Finance,11,QuickBooks/Excel/QuickBooks/QuickBooks/,2020-08-01 00:00:00,Denver,No
568,Strategy & Consulting,Finance,5,SAP/,2020-03-01 00:00:00,Chicago,Yes
569,Operations,Account Leadership,5,Cloud/,2020-03-01 00:00:00,Chicago,Yes
570,Interactive,Human Resources,3,Workday/Oral communication/Excel/Excel/,2020-11-01 00:00:00,NYC,No
571,Strategy & Consulting,Business,4,PowerPoint/Salesforce/PowerPoint/,2020-11-01 00:00:00,Boston,No
572,Operations,Security,2,Java/,2020-11-01 00:00:00,DC,No
573,Strategy & Consulting,IT Operations,2,Java/,2020-07-01 00:00:00,Denver,No
574,Operations,Design,9,Excel/PhotoShop/,2020-09-01 00:00:00,NYC,Yes
575,Technology,Design,7,Adobe/,2020-05-01 00:00:00,Denver,No
576,Operations,Design,6,PhotoShop/PowerPoint/Adobe/React.js/,2020-09-01 00:00:00,DC,No
577,Interactive,Account Leadership,6,Leadership/PowerPoint/Oral communication/Cloud/,2020-11-01 00:00:00,Boston,Yes
578,Operations,IT Operations,11,Python/PowerPoint/Python/Java/,2020-12-01 00:00:00,NYC,No
579,Strategy & Consulting,Security,4,ML/Cloud/,2020-08-01 00:00:00,Boston,Yes
580,Interactive,Business,7,PowerPoint/,2020-02-01 00:00:00,NYC,Yes
581,Operations,Human Resources,1,PowerPoint/,2020-11-01 00:00:00,DC,No
582,Technology,Business,10,Salesforce/Excel/PowerPoint/Excel/,2020-09-01 00:00:00,DC,No
583,Operations,Human Resources,8,Workday/,2020-08-01 00:00:00,DC,Yes
584,Interactive,Legal,9,PowerPoint/Bar/Oral communication/,2020-04-01 00:00:00,Denver,Yes
585,Interactive,Business,2,PowerPoint/PowerPoint/Excel/PowerPoint/,2020-09-01 00:00:00,DC,Yes
586,Operations,Finance,2,PowerPoint/SAP/QuickBooks/,2020-12-01 00:00:00,Chicago,No
587,Technology,Strategy,7,PowerPoint/,2020-09-01 00:00:00,Chicago,No
588,Technology,Design,9,PowerPoint/,2020-09-01 00:00:00,Boston,No
589,Operations,Design,2,PhotoShop/Adobe/PhotoShop/PowerPoint/,2020-06-01 00:00:00,DC,Yes
590,Interactive,Strategy,4,Excel/,2020-10-01 00:00:00,DC,No
591,Technology,Account Leadership,6,Excel/Cloud/Cloud/,2020-10-01 00:00:00,DC,No
592,Strategy & Consulting,IT Operations,10,Excel/Python/ML/,2020-07-01 00:00:00,Chicago,Yes
593,Strategy & Consulting,Legal,1,Bar/PowerPoint/Oral communication/Bar/,2020-09-01 00:00:00,NYC,Yes
594,Operations,Account Leadership,7,Leadership/ML/PowerPoint/PowerPoint/,2020-01-01 00:00:00,Boston,No
595,Strategy & Consulting,Design,7,Excel/PhotoShop/,2020-05-01 00:00:00,DC,No
596,Technology,Legal,5,Bar/Excel/,2020-12-01 00:00:00,DC,No
597,Interactive,Business,2,Salesforce/PowerPoint/,2020-03-01 00:00:00,Denver,Yes
598,Operations,Security,5,Excel/Oracle/Java/Excel/,2020-11-01 00:00:00,Chicago,Yes
599,Operations,Business,4,PowerPoint/Salesforce/Salesforce/Salesforce/,2020-05-01 00:00:00,Boston,Yes
600,Operations,Business,10,Excel/Salesforce/Excel/Excel/,2020-06-01 00:00:00,DC,Yes
601,Technology,Account Leadership,7,ML/,2020-11-01 00:00:00,Boston,Yes
602,Interactive,IT Operations,7,Cloud/PowerPoint/PowerPoint/Java/,2020-04-01 00:00:00,Chicago,Yes
603,Interactive,Legal,2,Oral communication/Bar/,2020-06-01 00:00:00,Chicago,No
604,Interactive,Security,6,Java/PowerPoint/,2020-10-01 00:00:00,Denver,Yes
605,Technology,Legal,1,Bar/Excel/,2020-09-01 00:00:00,Chicago,No
606,Interactive,Business,4,Excel/Excel/,2020-11-01 00:00:00,Boston,Yes
607,Operations,Strategy,8,Critical thinking/,2020-07-01 00:00:00,Denver,Yes
608,Strategy & Consulting,Account Leadership,8,ML/Leadership/Cloud/Leadership/,2020-12-01 00:00:00,Denver,No
609,Strategy & Consulting,Design,3,React.js/Excel/PhotoShop/PhotoShop/,2020-12-01 00:00:00,Chicago,Yes
610,Strategy & Consulting,Legal,3,Excel/PowerPoint/Oral communication/Bar/,2020-07-01 00:00:00,NYC,Yes
611,Operations,Security,3,Excel/Python/,2020-06-01 00:00:00,Denver,Yes
612,Operations,Strategy,8,PowerPoint/Critical thinking/,2020-09-01 00:00:00,Chicago,No
613,Interactive,Security,6,Java/,2020-01-01 00:00:00,DC,Yes
614,Interactive,Business,1,PowerPoint/,2020-06-01 00:00:00,DC,Yes
615,Technology,Engineering,1,PowerPoint/Python/PowerPoint/PowerPoint/,2020-05-01 00:00:00,DC,Yes
616,Technology,Human Resources,8,PowerPoint/Excel/,2020-02-01 00:00:00,Denver,No
617,Technology,Business,8,Excel/Salesforce/Excel/,2020-01-01 00:00:00,Boston,Yes
618,Strategy & Consulting,Account Leadership,6,PowerPoint/Leadership/Excel/,2020-06-01 00:00:00,Chicago,Yes
619,Operations,Business,2,Excel/Excel/Excel/,2020-06-01 00:00:00,Boston,Yes
620,Operations,Legal,9,Oral communication/,2020-11-01 00:00:00,NYC,No
621,Strategy & Consulting,Business,11,Excel/Excel/Salesforce/,2020-05-01 00:00:00,DC,Yes
622,Interactive,Design,6,React.js/,2020-05-01 00:00:00,Boston,No
623,Interactive,Security,2,Cloud/,2020-03-01 00:00:00,NYC,No
624,Operations,Design,6,PowerPoint/Adobe/Excel/React.js/,2020-08-01 00:00:00,DC,Yes
625,Technology,Design,11,React.js/Excel/PowerPoint/Excel/,2020-07-01 00:00:00,Chicago,Yes
626,Operations,Account Leadership,1,Oral communication/Leadership/ML/ML/,2020-11-01 00:00:00,Chicago,No
627,Technology,Legal,8,Bar/Excel/Oral communication/PowerPoint/,2020-03-01 00:00:00,NYC,Yes
628,Interactive,Security,1,Excel/,2020-11-01 00:00:00,NYC,Yes
629,Operations,Business,5,Salesforce/Salesforce/,2020-02-01 00:00:00,DC,No
630,Technology,Human Resources,7,Excel/PowerPoint/,2020-05-01 00:00:00,Boston,Yes
631,Strategy & Consulting,Security,10,Cloud/ML/,2020-12-01 00:00:00,DC,No
632,Operations,Human Resources,4,Oral communication/PowerPoint/Oral communication/,2020-06-01 00:00:00,Denver,No
633,Operations,Strategy,8,Critical thinking/Excel/,2020-12-01 00:00:00,Denver,Yes
634,Operations,Legal,5,Bar/Oral communication/,2020-09-01 00:00:00,Chicago,No
635,Interactive,IT Operations,3,Excel/Excel/Cloud/,2020-01-01 00:00:00,NYC,Yes
636,Technology,Finance,5,SAP/Excel/,2020-06-01 00:00:00,Boston,No
637,Interactive,IT Operations,5,Oracle/ML/Cloud/,2020-09-01 00:00:00,NYC,Yes
638,Operations,Human Resources,9,Excel/Oral communication/Workday/,2020-11-01 00:00:00,DC,Yes
639,Operations,Human Resources,8,Workday/Workday/PowerPoint/Excel/,2020-01-01 00:00:00,Boston,No
640,Interactive,Security,6,Excel/Cloud/ML/,2020-03-01 00:00:00,DC,No
641,Interactive,Legal,2,PowerPoint/,2020-05-01 00:00:00,DC,Yes
642,Strategy & Consulting,Engineering,7,PowerPoint/PowerPoint/,2020-02-01 00:00:00,DC,No
643,Strategy & Consulting,Human Resources,11,Excel/Excel/,2020-08-01 00:00:00,DC,No
644,Technology,Human Resources,5,Excel/PowerPoint/Workday/,2020-09-01 00:00:00,Denver,Yes
645,Interactive,Design,11,PhotoShop/PhotoShop/PowerPoint/PowerPoint/,2020-08-01 00:00:00,Chicago,Yes
646,Operations,Engineering,3,Python/MATLAB/MATLAB/Python/,2020-08-01 00:00:00,Chicago,No
647,Technology,Engineering,9,Excel/Python/MATLAB/,2020-08-01 00:00:00,Denver,No
648,Technology,Strategy,10,PowerPoint/Excel/,2020-06-01 00:00:00,DC,No
649,Technology,Finance,10,SAP/QuickBooks/SAP/Excel/,2020-06-01 00:00:00,NYC,No
650,Technology,Strategy,1,Critical thinking/,2020-09-01 00:00:00,DC,No
651,Technology,Security,6,Python/PowerPoint/Oracle/Excel/,2020-06-01 00:00:00,Denver,Yes
652,Technology,Account Leadership,6,ML/ML/Excel/Leadership/,2020-02-01 00:00:00,Boston,No
653,Operations,Human Resources,8,Oral communication/Oral communication/Oral communication/,2020-08-01 00:00:00,Denver,Yes
654,Strategy & Consulting,Strategy,11,Critical thinking/,2020-06-01 00:00:00,Chicago,No
655,Strategy & Consulting,IT Operations,10,Oracle/ML/Oracle/PowerPoint/,2020-02-01 00:00:00,DC,No
656,Technology,Legal,9,Excel/Bar/Oral communication/,2020-07-01 00:00:00,Boston,Yes
657,Operations,Engineering,1,PowerPoint/Excel/,2020-06-01 00:00:00,Chicago,Yes
658,Interactive,Strategy,2,Critical thinking/Critical thinking/Critical thinking/PowerPoint/,2020-05-01 00:00:00,DC,No
659,Interactive,Engineering,11,Java/PowerPoint/Java/,2020-11-01 00:00:00,Chicago,Yes
660,Interactive,Strategy,11,Excel/,2020-05-01 00:00:00,Denver,No
661,Operations,IT Operations,7,Cloud/Excel/,2020-02-01 00:00:00,DC,No
662,Interactive,Design,4,PowerPoint/,2020-04-01 00:00:00,Chicago,Yes
663,Technology,Design,7,PhotoShop/,2020-04-01 00:00:00,Chicago,Yes
664,Technology,Account Leadership,9,Oral communication/Excel/Leadership/Cloud/,2020-06-01 00:00:00,Chicago,Yes
665,Strategy & Consulting,IT Operations,5,Oracle/Java/,2020-03-01 00:00:00,Chicago,No
666,Operations,Account Leadership,5,ML/,2020-10-01 00:00:00,DC,Yes
667,Technology,Strategy,4,Excel/Critical thinking/,2020-01-01 00:00:00,Chicago,No
668,Strategy & Consulting,IT Operations,6,Oracle/Oracle/Java/ML/,2020-12-01 00:00:00,NYC,No
669,Strategy & Consulting,IT Operations,6,Cloud/Python/Java/ML/,2020-06-01 00:00:00,Denver,Yes
670,Interactive,Human Resources,10,Workday/Workday/Excel/Oral communication/,2020-08-01 00:00:00,DC,Yes
671,Strategy & Consulting,Strategy,5,Critical thinking/PowerPoint/Excel/,2020-04-01 00:00:00,NYC,Yes
672,Interactive,Account Leadership,10,ML/PowerPoint/,2020-03-01 00:00:00,DC,Yes
673,Technology,Business,10,Excel/Salesforce/PowerPoint/,2020-09-01 00:00:00,Chicago,No
674,Strategy & Consulting,Account Leadership,1,Cloud/PowerPoint/PowerPoint/Excel/,2020-07-01 00:00:00,Boston,Yes
675,Strategy & Consulting,Account Leadership,11,PowerPoint/ML/,2020-10-01 00:00:00,NYC,No
676,Technology,Strategy,1,Critical thinking/Excel/Critical thinking/PowerPoint/,2020-03-01 00:00:00,DC,No
677,Strategy & Consulting,Finance,6,PowerPoint/QuickBooks/SAP/Excel/,2020-09-01 00:00:00,Chicago,No
678,Operations,Business,1,PowerPoint/PowerPoint/Salesforce/,2020-06-01 00:00:00,DC,No
679,Operations,Design,3,Adobe/Adobe/,2020-12-01 00:00:00,Denver,Yes
680,Operations,Finance,8,SAP/,2020-09-01 00:00:00,Chicago,No
681,Operations,Account Leadership,9,Cloud/PowerPoint/Leadership/Cloud/,2020-03-01 00:00:00,DC,No
682,Interactive,Design,9,PhotoShop/React.js/React.js/,2020-11-01 00:00:00,Chicago,No
683,Technology,Business,1,Salesforce/,2020-05-01 00:00:00,DC,No
684,Technology,Legal,7,Excel/Oral communication/Oral communication/,2020-07-01 00:00:00,NYC,No
685,Technology,Security,1,Java/Java/,2020-09-01 00:00:00,DC,No
686,Strategy & Consulting,Security,10,Cloud/,2020-04-01 00:00:00,Denver,Yes
687,Interactive,Strategy,2,Critical thinking/PowerPoint/Critical thinking/,2020-12-01 00:00:00,Chicago,No
688,Strategy & Consulting,Design,5,React.js/PhotoShop/Adobe/,2020-03-01 00:00:00,Chicago,Yes
689,Technology,Business,8,Salesforce/,2020-09-01 00:00:00,Boston,Yes
690,Operations,Human Resources,9,Oral communication/Excel/Workday/PowerPoint/,2020-05-01 00:00:00,Chicago,No
691,Interactive,Security,8,Cloud/,2020-12-01 00:00:00,DC,Yes
692,Strategy & Consulting,Finance,4,QuickBooks/QuickBooks/,2020-10-01 00:00:00,Boston,Yes
693,Operations,Finance,6,Excel/,2020-06-01 00:00:00,DC,No
694,Operations,IT Operations,5,Java/ML/Excel/Python/,2020-04-01 00:00:00,Chicago,Yes
695,Operations,IT Operations,1,Java/Java/PowerPoint/,2020-02-01 00:00:00,Chicago,No
696,Operations,Legal,10,PowerPoint/PowerPoint/Oral communication/,2020-05-01 00:00:00,Denver,Yes
697,Technology,Human Resources,6,PowerPoint/Excel/PowerPoint/,2020-09-01 00:00:00,Boston,No
698,Technology,Strategy,1,Critical thinking/Excel/Critical thinking/Excel/,2020-11-01 00:00:00,Denver,No
699,Interactive,IT Operations,7,Java/,2020-07-01 00:00:00,Chicago,No
700,Interactive,Business,9,Salesforce/Salesforce/,2020-07-01 00:00:00,DC,Yes
701,Strategy & Consulting,Design,5,Excel/Excel/PhotoShop/,2020-06-01 00:00:00,NYC,Yes
702,Strategy & Consulting,Engineering,9,Excel/Java/Excel/Java/,2020-12-01 00:00:00,Chicago,Yes
703,Operations,IT Operations,6,Java/Oracle/Excel/ML/,2020-12-01 00:00:00,DC,No
704,Technology,Finance,10,Excel/,2020-11-01 00:00:00,Denver,Yes
705,Technology,Human Resources,5,Oral communication/Excel/Excel/,2020-11-01 00:00:00,Chicago,Yes
706,Technology,Legal,2,PowerPoint/Bar/Excel/Bar/,2020-08-01 00:00:00,Chicago,No
707,Strategy & Consulting,Engineering,11,Java/Python/MATLAB/,2020-11-01 00:00:00,Boston,Yes
708,Interactive,Business,5,Excel/PowerPoint/,2020-04-01 00:00:00,Chicago,No
709,Operations,Security,6,Java/Java/,2020-08-01 00:00:00,Boston,No
710,Interactive,Business,10,Excel/,2020-06-01 00:00:00,Boston,No
711,Interactive,Account Leadership,9,Cloud/,2020-09-01 00:00:00,Denver,No
712,Operations,Strategy,3,Critical thinking/Critical thinking/Critical thinking/PowerPoint/,2020-05-01 00:00:00,DC,No
713,Operations,Design,6,PowerPoint/React.js/,2020-04-01 00:00:00,DC,No
714,Technology,Business,9,Excel/PowerPoint/Salesforce/Excel/,2020-06-01 00:00:00,Boston,No
715,Technology,Security,3,Python/Python/Python/,2020-11-01 00:00:00,DC,Yes
716,Interactive,Business,1,Excel/,2020-07-01 00:00:00,Chicago,No
717,Operations,Business,5,PowerPoint/,2020-08-01 00:00:00,Boston,Yes
718,Technology,Finance,5,QuickBooks/PowerPoint/SAP/SAP/,2020-01-01 00:00:00,DC,No
719,Interactive,Engineering,2,MATLAB/Python/,2020-10-01 00:00:00,DC,Yes
720,Technology,Strategy,7,Excel/PowerPoint/,2020-01-01 00:00:00,Boston,No
721,Technology,Finance,7,SAP/SAP/,2020-06-01 00:00:00,DC,Yes
722,Strategy & Consulting,Account Leadership,4,PowerPoint/PowerPoint/,2020-03-01 00:00:00,DC,No
723,Interactive,Business,2,Excel/,2020-03-01 00:00:00,Chicago,Yes
724,Strategy & Consulting,IT Operations,4,Python/ML/Excel/,2020-04-01 00:00:00,Chicago,No
725,Operations,Security,8,Oracle/,2020-02-01 00:00:00,Boston,No
726,Operations,Design,8,Adobe/Excel/,2020-02-01 00:00:00,DC,No
727,Strategy & Consulting,Finance,6,QuickBooks/QuickBooks/,2020-07-01 00:00:00,NYC,Yes
728,Operations,Security,5,PowerPoint/Oracle/ML/,2020-10-01 00:00:00,NYC,Yes
729,Strategy & Consulting,Strategy,3,PowerPoint/Critical thinking/Critical thinking/PowerPoint/,2020-06-01 00:00:00,Chicago,No
730,Interactive,Business,4,PowerPoint/Excel/Excel/,2020-01-01 00:00:00,NYC,No
731,Strategy & Consulting,Strategy,1,PowerPoint/Critical thinking/PowerPoint/,2020-07-01 00:00:00,Chicago,No
732,Strategy & Consulting,Business,11,Salesforce/Salesforce/,2020-12-01 00:00:00,Denver,Yes
733,Interactive,Account Leadership,10,Cloud/Oral communication/Oral communication/,2020-04-01 00:00:00,Denver,No
734,Operations,Engineering,8,Python/,2020-05-01 00:00:00,Denver,Yes
735,Strategy & Consulting,Strategy,3,PowerPoint/PowerPoint/,2020-03-01 00:00:00,Denver,Yes
736,Strategy & Consulting,Legal,2,PowerPoint/Excel/Bar/,2020-11-01 00:00:00,Boston,No
737,Interactive,Finance,9,PowerPoint/Excel/SAP/,2020-12-01 00:00:00,Chicago,Yes
738,Interactive,Engineering,4,Python/Excel/Python/MATLAB/,2020-09-01 00:00:00,Boston,No
739,Operations,Human Resources,9,Workday/,2020-05-01 00:00:00,Chicago,Yes
740,Interactive,Design,1,React.js/Excel/,2020-02-01 00:00:00,DC,Yes
741,Operations,Engineering,9,Excel/Excel/Java/Excel/,2020-11-01 00:00:00,Denver,Yes
742,Technology,Security,7,Excel/,2020-09-01 00:00:00,Denver,No
743,Strategy & Consulting,Legal,6,Oral communication/,2020-11-01 00:00:00,Boston,No
744,Strategy & Consulting,Strategy,11,Excel/Critical thinking/Excel/PowerPoint/,2020-11-01 00:00:00,DC,Yes
745,Interactive,Human Resources,5,Excel/Workday/,2020-11-01 00:00:00,NYC,Yes
746,Interactive,Legal,4,Oral communication/Excel/,2020-08-01 00:00:00,DC,No
747,Interactive,Account Leadership,2,PowerPoint/,2020-05-01 00:00:00,Denver,Yes
748,Technology,Legal,4,Bar/Bar/Bar/PowerPoint/,2020-06-01 00:00:00,NYC,No
749,Strategy & Consulting,Human Resources,8,Excel/Excel/PowerPoint/,2020-02-01 00:00:00,NYC,Yes
750,Technology,Legal,8,PowerPoint/PowerPoint/Oral communication/Bar/,2020-03-01 00:00:00,DC,No
751,Interactive,Finance,10,SAP/,2020-01-01 00:00:00,DC,Yes
752,Strategy & Consulting,Finance,11,QuickBooks/,2020-10-01 00:00:00,Boston,Yes
753,Interactive,Business,6,PowerPoint/,2020-08-01 00:00:00,Boston,Yes
754,Operations,IT Operations,6,ML/Excel/ML/PowerPoint/,2020-06-01 00:00:00,Chicago,No
755,Technology,Security,6,ML/Excel/Python/Java/,2020-08-01 00:00:00,Chicago,No
756,Operations,IT Operations,7,ML/Java/,2020-11-01 00:00:00,Boston,Yes
757,Technology,Strategy,2,PowerPoint/Critical thinking/Critical thinking/,2020-09-01 00:00:00,NYC,Yes
758,Technology,Human Resources,9,Excel/PowerPoint/Workday/,2020-06-01 00:00:00,Chicago,No
759,Technology,Human Resources,10,PowerPoint/,2020-05-01 00:00:00,Boston,Yes
760,Operations,Finance,4,PowerPoint/,2020-12-01 00:00:00,DC,No
761,Technology,IT Operations,3,PowerPoint/PowerPoint/Excel/Excel/,2020-03-01 00:00:00,NYC,Yes
762,Interactive,IT Operations,10,Excel/PowerPoint/Python/Java/,2020-02-01 00:00:00,DC,No
763,Operations,IT Operations,2,ML/Cloud/ML/,2020-04-01 00:00:00,Boston,Yes
764,Technology,Human Resources,8,Excel/Excel/Excel/Workday/,2020-03-01 00:00:00,DC,Yes
765,Interactive,Strategy,11,PowerPoint/,2020-01-01 00:00:00,Chicago,Yes
766,Interactive,Account Leadership,5,ML/,2020-04-01 00:00:00,Boston,No
767,Technology,Legal,7,Excel/Bar/,2020-07-01 00:00:00,NYC,No
768,Interactive,Human Resources,4,PowerPoint/,2020-07-01 00:00:00,DC,Yes
769,Technology,Account Leadership,9,Leadership/Oral communication/,2020-07-01 00:00:00,Denver,Yes
770,Strategy & Consulting,Security,2,Java/,2020-08-01 00:00:00,NYC,No
771,Technology,Engineering,4,Python/,2020-06-01 00:00:00,Boston,Yes
772,Strategy & Consulting,Human Resources,5,Excel/,2020-02-01 00:00:00,NYC,No
773,Technology,Account Leadership,11,Oral communication/ML/Cloud/PowerPoint/,2020-07-01 00:00:00,NYC,Yes
774,Operations,Legal,7,Oral communication/Oral communication/,2020-06-01 00:00:00,DC,No
775,Strategy & Consulting,IT Operations,4,Cloud/ML/PowerPoint/Python/,2020-01-01 00:00:00,DC,Yes
776,Technology,Strategy,10,PowerPoint/Excel/Critical thinking/,2020-07-01 00:00:00,NYC,No
777,Interactive,Strategy,4,Critical thinking/,2020-02-01 00:00:00,Denver,Yes
778,Technology,Strategy,6,Excel/PowerPoint/PowerPoint/,2020-05-01 00:00:00,Denver,No
779,Interactive,IT Operations,1,PowerPoint/Cloud/,2020-09-01 00:00:00,Chicago,Yes
780,Technology,Design,7,Excel/Adobe/PowerPoint/PhotoShop/,2020-04-01 00:00:00,DC,Yes
781,Strategy & Consulting,Strategy,1,Critical thinking/,2020-06-01 00:00:00,DC,Yes
782,Strategy & Consulting,IT Operations,9,Java/PowerPoint/Oracle/,2020-04-01 00:00:00,DC,No
783,Strategy & Consulting,Account Leadership,3,Cloud/Oral communication/Oral communication/PowerPoint/,2020-09-01 00:00:00,NYC,No
784,Interactive,Account Leadership,10,PowerPoint/,2020-07-01 00:00:00,Chicago,Yes
785,Operations,Human Resources,5,Excel/PowerPoint/,2020-03-01 00:00:00,Boston,No
786,Interactive,Human Resources,5,Workday/Oral communication/,2020-10-01 00:00:00,Boston,No
787,Technology,Finance,2,Excel/SAP/Excel/SAP/,2020-07-01 00:00:00,Chicago,No
788,Technology,Business,2,Salesforce/PowerPoint/PowerPoint/Excel/,2020-07-01 00:00:00,Boston,No
789,Interactive,Human Resources,10,PowerPoint/,2020-05-01 00:00:00,Boston,No
790,Interactive,Engineering,6,Excel/MATLAB/,2020-02-01 00:00:00,Boston,Yes
791,Strategy & Consulting,Finance,5,PowerPoint/QuickBooks/,2020-10-01 00:00:00,DC,No
792,Technology,Human Resources,5,Workday/Workday/,2020-11-01 00:00:00,Boston,Yes
793,Technology,Design,10,React.js/Adobe/PowerPoint/,2020-08-01 00:00:00,Denver,Yes
794,Interactive,Account Leadership,11,Oral communication/Excel/,2020-03-01 00:00:00,Boston,Yes
795,Operations,Legal,5,Oral communication/Excel/,2020-02-01 00:00:00,DC,No
796,Operations,Finance,6,SAP/,2020-10-01 00:00:00,Chicago,Yes
797,Operations,Legal,2,Bar/,2020-04-01 00:00:00,DC,Yes
798,Strategy & Consulting,Human Resources,8,Workday/,2020-02-01 00:00:00,NYC,No
799,Operations,Finance,9,SAP/QuickBooks/SAP/,2020-02-01 00:00:00,Boston,Yes
800,Technology,Strategy,5,PowerPoint/PowerPoint/,2020-10-01 00:00:00,Chicago,No
801,Operations,Human Resources,2,Workday/,2020-08-01 00:00:00,Denver,Yes
802,Strategy & Consulting,Engineering,10,PowerPoint/MATLAB/PowerPoint/,2020-10-01 00:00:00,Denver,Yes
803,Strategy & Consulting,Human Resources,9,Excel/PowerPoint/Oral communication/,2020-04-01 00:00:00,Chicago,No
804,Technology,Account Leadership,6,Leadership/Leadership/ML/Cloud/,2020-07-01 00:00:00,Chicago,Yes
805,Strategy & Consulting,IT Operations,4,ML/Python/,2020-02-01 00:00:00,Denver,Yes
806,Operations,Strategy,9,Critical thinking/Critical thinking/PowerPoint/PowerPoint/,2020-11-01 00:00:00,Boston,No
807,Strategy & Consulting,Design,11,PowerPoint/,2020-04-01 00:00:00,Boston,Yes
808,Technology,Business,8,PowerPoint/,2020-09-01 00:00:00,NYC,Yes
809,Interactive,Account Leadership,7,Oral communication/Oral communication/Cloud/Leadership/,2020-03-01 00:00:00,NYC,Yes
810,Operations,Account Leadership,2,Leadership/PowerPoint/ML/,2020-09-01 00:00:00,Chicago,Yes
811,Interactive,Business,4,Salesforce/PowerPoint/Salesforce/,2020-05-01 00:00:00,Boston,Yes
812,Interactive,IT Operations,9,Cloud/PowerPoint/Cloud/,2020-04-01 00:00:00,Denver,Yes
813,Operations,Human Resources,9,Oral communication/,2020-09-01 00:00:00,DC,Yes
814,Strategy & Consulting,Finance,2,SAP/,2020-12-01 00:00:00,NYC,No
815,Strategy & Consulting,Strategy,7,PowerPoint/Excel/Excel/,2020-10-01 00:00:00,Denver,Yes
816,Technology,Security,10,PowerPoint/,2020-07-01 00:00:00,DC,Yes
817,Interactive,Security,9,ML/Oracle/,2020-07-01 00:00:00,Chicago,No
818,Operations,Finance,2,Excel/Excel/,2020-06-01 00:00:00,Boston,Yes
819,Operations,Security,2,Python/,2020-03-01 00:00:00,NYC,No
820,Operations,Finance,6,Excel/SAP/Excel/,2020-02-01 00:00:00,Boston,No
821,Operations,Design,5,Excel/React.js/PhotoShop/PhotoShop/,2020-11-01 00:00:00,Denver,No
822,Technology,Design,1,PhotoShop/PowerPoint/,2020-11-01 00:00:00,NYC,Yes
823,Operations,Legal,6,Oral communication/Bar/PowerPoint/PowerPoint/,2020-06-01 00:00:00,Boston,Yes
824,Strategy & Consulting,IT Operations,1,Java/,2020-04-01 00:00:00,DC,No
825,Strategy & Consulting,Legal,7,Bar/Oral communication/Excel/Bar/,2020-06-01 00:00:00,DC,No
826,Technology,Human Resources,4,PowerPoint/,2020-03-01 00:00:00,Boston,No
827,Operations,Engineering,5,MATLAB/,2020-04-01 00:00:00,DC,No
828,Strategy & Consulting,Security,3,Excel/PowerPoint/Java/,2020-12-01 00:00:00,Denver,No
829,Interactive,Security,7,Java/Java/PowerPoint/,2020-12-01 00:00:00,Boston,No
830,Operations,Engineering,10,Python/Python/Python/MATLAB/,2020-09-01 00:00:00,Chicago,Yes
831,Interactive,Finance,1,SAP/Excel/PowerPoint/PowerPoint/,2020-03-01 00:00:00,Denver,Yes
832,Interactive,Strategy,6,Critical thinking/,2020-03-01 00:00:00,DC,No
833,Strategy & Consulting,Business,10,Excel/Excel/,2020-03-01 00:00:00,NYC,Yes
834,Strategy & Consulting,Security,7,Excel/Oracle/,2020-07-01 00:00:00,Boston,No
835,Technology,Finance,9,SAP/SAP/QuickBooks/QuickBooks/,2020-02-01 00:00:00,Denver,Yes
836,Interactive,Business,1,Salesforce/Excel/Salesforce/PowerPoint/,2020-08-01 00:00:00,NYC,Yes
837,Strategy & Consulting,Finance,11,QuickBooks/Excel/QuickBooks/,2020-04-01 00:00:00,Denver,No
838,Interactive,Design,3,PhotoShop/PhotoShop/Excel/PhotoShop/,2020-04-01 00:00:00,Boston,No
839,Operations,Security,10,Excel/Python/PowerPoint/PowerPoint/,2020-04-01 00:00:00,DC,No
840,Interactive,Design,7,Excel/,2020-01-01 00:00:00,DC,Yes
841,Interactive,Human Resources,4,PowerPoint/,2020-08-01 00:00:00,NYC,No
842,Interactive,Account Leadership,1,Oral communication/,2020-09-01 00:00:00,Chicago,Yes
843,Technology,Engineering,2,Python/,2020-11-01 00:00:00,DC,No
844,Operations,Security,5,ML/Oracle/,2020-09-01 00:00:00,DC,No
845,Interactive,IT Operations,3,Python/,2020-07-01 00:00:00,DC,No
846,Interactive,Account Leadership,9,Oral communication/,2020-08-01 00:00:00,Denver,Yes
847,Interactive,Legal,11,Excel/Bar/,2020-04-01 00:00:00,Boston,Yes
848,Strategy & Consulting,IT Operations,2,Cloud/Java/Excel/,2020-02-01 00:00:00,NYC,Yes
849,Strategy & Consulting,IT Operations,5,Java/,2020-06-01 00:00:00,DC,Yes
850,Interactive,Business,2,Salesforce/,2020-08-01 00:00:00,DC,Yes
851,Strategy & Consulting,Legal,6,Excel/Oral communication/,2020-06-01 00:00:00,NYC,No
852,Operations,Security,9,Java/Excel/Excel/Java/,2020-05-01 00:00:00,Chicago,No
853,Technology,Security,8,ML/Oracle/Java/Excel/,2020-12-01 00:00:00,DC,Yes
854,Technology,Finance,9,PowerPoint/Excel/,2020-04-01 00:00:00,NYC,No
855,Interactive,Security,1,Oracle/ML/,2020-01-01 00:00:00,Chicago,Yes
856,Technology,Human Resources,2,Oral communication/,2020-10-01 00:00:00,Boston,No
857,Technology,Business,5,Excel/PowerPoint/,2020-06-01 00:00:00,NYC,Yes
858,Operations,Engineering,1,PowerPoint/Python/,2020-07-01 00:00:00,NYC,No
859,Operations,Legal,5,Excel/Excel/Oral communication/,2020-06-01 00:00:00,Boston,Yes
860,Operations,Business,5,Salesforce/Excel/PowerPoint/,2020-08-01 00:00:00,NYC,Yes
861,Strategy & Consulting,Human Resources,6,Oral communication/PowerPoint/,2020-08-01 00:00:00,NYC,No
862,Technology,Account Leadership,8,ML/Oral communication/Leadership/ML/,2020-01-01 00:00:00,Denver,No
863,Technology,Strategy,3,PowerPoint/Excel/Excel/Excel/,2020-02-01 00:00:00,Denver,Yes
864,Technology,Engineering,2,Python/MATLAB/,2020-03-01 00:00:00,NYC,Yes
865,Operations,Business,5,Excel/Excel/Salesforce/Excel/,2020-07-01 00:00:00,Boston,Yes
866,Technology,Business,6,Excel/PowerPoint/,2020-04-01 00:00:00,Boston,Yes
867,Interactive,Engineering,10,PowerPoint/Python/Excel/Excel/,2020-11-01 00:00:00,Boston,Yes
868,Technology,Human Resources,4,Workday/,2020-11-01 00:00:00,Denver,Yes
869,Interactive,Business,8,Salesforce/,2020-06-01 00:00:00,DC,No
870,Interactive,IT Operations,4,Python/Oracle/ML/Oracle/,2020-09-01 00:00:00,DC,No
871,Technology,Human Resources,8,Excel/Workday/Oral communication/Workday/,2020-02-01 00:00:00,NYC,Yes
872,Technology,Engineering,11,Python/Python/PowerPoint/Java/,2020-12-01 00:00:00,Boston,No
873,Strategy & Consulting,Strategy,5,Excel/PowerPoint/Critical thinking/Critical thinking/,2020-12-01 00:00:00,Chicago,No
874,Strategy & Consulting,Account Leadership,5,ML/Oral communication/,2020-06-01 00:00:00,Boston,No
875,Strategy & Consulting,Business,5,Salesforce/,2020-02-01 00:00:00,Boston,No
876,Strategy & Consulting,Finance,5,PowerPoint/QuickBooks/Excel/,2020-12-01 00:00:00,NYC,Yes
877,Interactive,Legal,7,Oral communication/Oral communication/,2020-11-01 00:00:00,Denver,Yes
878,Interactive,Account Leadership,9,Oral communication/Cloud/,2020-01-01 00:00:00,Denver,Yes
879,Operations,Legal,10,PowerPoint/Bar/Oral communication/Bar/,2020-06-01 00:00:00,NYC,No
880,Interactive,Legal,11,PowerPoint/,2020-05-01 00:00:00,NYC,Yes
881,Strategy & Consulting,Account Leadership,7,Excel/Cloud/Leadership/Leadership/,2020-09-01 00:00:00,Denver,No
882,Operations,Legal,1,Bar/,2020-01-01 00:00:00,Denver,Yes
883,Interactive,Security,3,Oracle/Java/Java/Oracle/,2020-08-01 00:00:00,NYC,No
884,Interactive,Legal,8,Oral communication/PowerPoint/Bar/Bar/,2020-03-01 00:00:00,DC,Yes
885,Technology,Finance,3,PowerPoint/PowerPoint/QuickBooks/QuickBooks/,2020-12-01 00:00:00,Denver,No
886,Operations,Legal,6,Oral communication/PowerPoint/Bar/PowerPoint/,2020-02-01 00:00:00,NYC,Yes
887,Interactive,Legal,8,PowerPoint/,2020-02-01 00:00:00,Boston,No
888,Operations,Engineering,11,Python/Java/MATLAB/,2020-01-01 00:00:00,Boston,Yes
889,Interactive,Human Resources,1,Workday/PowerPoint/,2020-07-01 00:00:00,Chicago,Yes
890,Technology,Business,11,PowerPoint/Excel/,2020-09-01 00:00:00,Denver,Yes
891,Strategy & Consulting,Account Leadership,4,Oral communication/PowerPoint/Excel/ML/,2020-10-01 00:00:00,Denver,No
892,Technology,Security,6,Cloud/,2020-07-01 00:00:00,NYC,Yes
893,Interactive,Design,4,PhotoShop/,2020-08-01 00:00:00,DC,No
894,Interactive,Security,4,Java/ML/ML/PowerPoint/,2020-12-01 00:00:00,Boston,Yes
895,Operations,Engineering,1,Java/Python/Java/PowerPoint/,2020-12-01 00:00:00,Denver,Yes
896,Operations,Security,9,PowerPoint/Java/Python/,2020-07-01 00:00:00,NYC,Yes
897,Interactive,Engineering,4,PowerPoint/PowerPoint/PowerPoint/Java/,2020-11-01 00:00:00,Chicago,Yes
898,Operations,Account Leadership,11,ML/Excel/,2020-12-01 00:00:00,Boston,No
899,Strategy & Consulting,Account Leadership,3,PowerPoint/Cloud/,2020-07-01 00:00:00,Boston,No
900,Operations,Business,9,PowerPoint/Excel/,2020-05-01 00:00:00,NYC,Yes
901,Technology,Human Resources,11,Oral communication/PowerPoint/Oral communication/,2020-11-01 00:00:00,Boston,No
902,Technology,Design,11,Excel/,2020-11-01 00:00:00,NYC,Yes
903,Operations,Account Leadership,6,Cloud/Excel/Leadership/,2020-06-01 00:00:00,Boston,Yes
904,Strategy & Consulting,Business,3,Salesforce/,2020-09-01 00:00:00,DC,No
905,Technology,Legal,2,Excel/Bar/,2020-03-01 00:00:00,DC,No
906,Interactive,Business,1,Excel/Salesforce/Excel/,2020-04-01 00:00:00,Boston,No
907,Technology,Security,6,ML/Python/Oracle/,2020-02-01 00:00:00,Denver,No
908,Operations,Finance,4,Excel/SAP/,2020-01-01 00:00:00,DC,Yes
909,Technology,Design,4,Adobe/PhotoShop/,2020-10-01 00:00:00,NYC,No
910,Technology,Account Leadership,11,Oral communication/Leadership/ML/,2020-01-01 00:00:00,NYC,Yes
911,Technology,Finance,1,SAP/,2020-12-01 00:00:00,DC,No
912,Technology,Strategy,4,PowerPoint/Excel/Critical thinking/,2020-12-01 00:00:00,Boston,No
913,Strategy & Consulting,IT Operations,1,Cloud/Python/,2020-11-01 00:00:00,Boston,No
914,Strategy & Consulting,Design,5,Adobe/React.js/PowerPoint/,2020-02-01 00:00:00,NYC,Yes
915,Strategy & Consulting,Finance,8,Excel/QuickBooks/Excel/,2020-09-01 00:00:00,Denver,No
916,Strategy & Consulting,Human Resources,8,Workday/,2020-03-01 00:00:00,NYC,No
917,Interactive,Human Resources,10,Oral communication/Oral communication/,2020-05-01 00:00:00,Chicago,No
918,Interactive,Security,9,PowerPoint/Excel/ML/,2020-10-01 00:00:00,Denver,No
919,Interactive,Legal,6,Oral communication/,2020-02-01 00:00:00,Boston,Yes
920,Strategy & Consulting,Business,7,PowerPoint/Salesforce/,2020-11-01 00:00:00,NYC,Yes
921,Operations,Engineering,5,Python/MATLAB/MATLAB/,2020-12-01 00:00:00,NYC,Yes
922,Strategy & Consulting,Legal,4,Oral communication/Oral communication/,2020-07-01 00:00:00,NYC,Yes
923,Interactive,Legal,10,Oral communication/Excel/PowerPoint/Bar/,2020-05-01 00:00:00,Denver,No
924,Strategy & Consulting,Design,9,React.js/Excel/Adobe/Excel/,2020-04-01 00:00:00,Boston,Yes
925,Operations,Design,11,Excel/PhotoShop/,2020-03-01 00:00:00,Denver,Yes
926,Technology,Engineering,7,MATLAB/MATLAB/,2020-03-01 00:00:00,DC,Yes
927,Interactive,Design,8,Excel/,2020-02-01 00:00:00,DC,No
928,Technology,Finance,3,SAP/SAP/,2020-12-01 00:00:00,Chicago,Yes
929,Interactive,Business,9,PowerPoint/,2020-03-01 00:00:00,NYC,Yes
930,Technology,Business,3,Excel/Excel/Excel/,2020-03-01 00:00:00,Chicago,No
931,Operations,Security,8,Python/,2020-12-01 00:00:00,NYC,Yes
932,Operations,Engineering,2,MATLAB/Python/Python/Java/,2020-05-01 00:00:00,Denver,No
933,Interactive,Business,7,Excel/PowerPoint/Excel/,2020-03-01 00:00:00,DC,No
934,Operations,Account Leadership,8,Oral communication/Oral communication/PowerPoint/,2020-04-01 00:00:00,Denver,No
935,Operations,Legal,10,Excel/Excel/,2020-11-01 00:00:00,DC,Yes
936,Interactive,Legal,5,Oral communication/PowerPoint/,2020-09-01 00:00:00,DC,Yes
937,Technology,Security,8,Oracle/,2020-10-01 00:00:00,NYC,Yes
938,Technology,Business,9,PowerPoint/,2020-09-01 00:00:00,Chicago,Yes
939,Strategy & Consulting,Engineering,1,Java/PowerPoint/Python/,2020-08-01 00:00:00,NYC,Yes
940,Strategy & Consulting,IT Operations,1,Excel/Java/,2020-03-01 00:00:00,DC,No
941,Operations,Security,2,Java/Cloud/,2020-08-01 00:00:00,Denver,No
942,Technology,Legal,5,Bar/Excel/Oral communication/,2020-02-01 00:00:00,Boston,Yes
943,Strategy & Consulting,Finance,9,QuickBooks/SAP/Excel/Excel/,2020-04-01 00:00:00,Chicago,No
944,Technology,Human Resources,7,Workday/PowerPoint/,2020-09-01 00:00:00,Denver,No
945,Operations,Business,2,PowerPoint/Excel/Excel/Salesforce/,2020-07-01 00:00:00,Boston,No
946,Operations,Finance,7,PowerPoint/QuickBooks/QuickBooks/,2020-11-01 00:00:00,Chicago,No
947,Operations,Design,10,PowerPoint/,2020-07-01 00:00:00,DC,Yes
948,Operations,Strategy,10,PowerPoint/,2020-09-01 00:00:00,DC,Yes
949,Interactive,Human Resources,10,Workday/,2020-09-01 00:00:00,NYC,Yes
950,Interactive,Business,3,Excel/Salesforce/Salesforce/Excel/,2020-01-01 00:00:00,Denver,No
951,Strategy & Consulting,Human Resources,1,PowerPoint/Oral communication/Workday/,2020-07-01 00:00:00,NYC,No
952,Operations,Finance,5,QuickBooks/Excel/PowerPoint/,2020-04-01 00:00:00,NYC,Yes
953,Operations,Finance,11,SAP/Excel/,2020-03-01 00:00:00,DC,Yes
954,Interactive,Business,11,Excel/Salesforce/PowerPoint/,2020-02-01 00:00:00,DC,Yes
955,Operations,Business,10,Salesforce/Excel/,2020-01-01 00:00:00,NYC,Yes
956,Strategy & Consulting,Design,6,PowerPoint/PhotoShop/PowerPoint/Adobe/,2020-10-01 00:00:00,DC,No
957,Interactive,Engineering,6,PowerPoint/,2020-02-01 00:00:00,Denver,Yes
958,Technology,Human Resources,8,Workday/PowerPoint/Workday/,2020-12-01 00:00:00,Boston,Yes
959,Technology,Strategy,1,Critical thinking/Critical thinking/PowerPoint/,2020-01-01 00:00:00,DC,Yes
960,Strategy & Consulting,Human Resources,6,Excel/Workday/PowerPoint/,2020-06-01 00:00:00,Chicago,Yes
961,Strategy & Consulting,Legal,7,Excel/PowerPoint/Excel/,2020-09-01 00:00:00,Chicago,Yes
962,Interactive,Security,10,Excel/PowerPoint/,2020-03-01 00:00:00,DC,No
963,Technology,Engineering,3,PowerPoint/Excel/PowerPoint/Java/,2020-09-01 00:00:00,NYC,No
964,Operations,Design,4,PowerPoint/Excel/Excel/,2020-12-01 00:00:00,Boston,Yes
965,Technology,Legal,1,Oral communication/Bar/,2020-04-01 00:00:00,Boston,No
966,Operations,Human Resources,4,PowerPoint/,2020-02-01 00:00:00,NYC,Yes
967,Operations,Human Resources,3,PowerPoint/Excel/,2020-07-01 00:00:00,Chicago,Yes
968,Interactive,Design,1,React.js/PhotoShop/Excel/Excel/,2020-09-01 00:00:00,Denver,Yes
969,Strategy & Consulting,Security,9,Oracle/Cloud/Python/ML/,2020-02-01 00:00:00,NYC,No
970,Interactive,Strategy,10,PowerPoint/Critical thinking/Critical thinking/,2020-03-01 00:00:00,NYC,No
971,Operations,Engineering,5,PowerPoint/Java/MATLAB/,2020-09-01 00:00:00,Boston,Yes
972,Strategy & Consulting,Business,7,Excel/PowerPoint/Excel/Excel/,2020-04-01 00:00:00,DC,No
973,Operations,Strategy,2,Critical thinking/Critical thinking/,2020-08-01 00:00:00,NYC,No
974,Interactive,Legal,4,PowerPoint/,2020-07-01 00:00:00,Boston,No
975,Interactive,Business,3,Salesforce/Excel/,2020-07-01 00:00:00,Chicago,Yes
976,Operations,Legal,8,Bar/Oral communication/,2020-10-01 00:00:00,Chicago,No
977,Technology,Account Leadership,1,Cloud/Excel/,2020-09-01 00:00:00,Chicago,Yes
978,Interactive,Strategy,3,Critical thinking/,2020-06-01 00:00:00,Chicago,Yes
979,Strategy & Consulting,Account Leadership,7,Excel/,2020-05-01 00:00:00,Chicago,No
980,Strategy & Consulting,Business,9,PowerPoint/Salesforce/,2020-09-01 00:00:00,DC,Yes
981,Technology,Human Resources,10,Excel/Workday/,2020-04-01 00:00:00,DC,Yes
982,Interactive,Strategy,8,PowerPoint/PowerPoint/Critical thinking/,2020-03-01 00:00:00,DC,No
983,Strategy & Consulting,Design,4,React.js/Adobe/PhotoShop/,2020-06-01 00:00:00,DC,Yes
984,Operations,Finance,3,QuickBooks/SAP/,2020-02-01 00:00:00,NYC,Yes
985,Operations,Legal,1,Bar/PowerPoint/Oral communication/,2020-10-01 00:00:00,DC,Yes
986,Strategy & Consulting,Finance,9,SAP/SAP/,2020-10-01 00:00:00,Denver,Yes
987,Interactive,Strategy,1,Critical thinking/PowerPoint/,2020-10-01 00:00:00,Chicago,Yes
988,Strategy & Consulting,Engineering,7,Python/,2020-11-01 00:00:00,Denver,Yes
989,Technology,Design,6,PhotoShop/Excel/,2020-03-01 00:00:00,DC,Yes
990,Operations,Business,2,Salesforce/Salesforce/Salesforce/,2020-09-01 00:00:00,Boston,No
991,Technology,Strategy,8,Critical thinking/Excel/Excel/PowerPoint/,2020-02-01 00:00:00,Chicago,No
992,Strategy & Consulting,Design,3,Adobe/PhotoShop/PhotoShop/PowerPoint/,2020-09-01 00:00:00,Boston,No
993,Strategy & Consulting,Finance,8,PowerPoint/Excel/QuickBooks/SAP/,2020-03-01 00:00:00,NYC,Yes
994,Technology,Account Leadership,9,PowerPoint/Cloud/Oral communication/,2020-05-01 00:00:00,Boston,Yes
995,Interactive,Business,11,Excel/PowerPoint/Salesforce/,2020-11-01 00:00:00,NYC,No
996,Operations,Strategy,2,PowerPoint/Excel/,2020-02-01 00:00:00,DC,Yes
997,Technology,Human Resources,5,PowerPoint/Oral communication/Oral communication/Workday/,2020-08-01 00:00:00,Chicago,Yes
998,Technology,Finance,11,Excel/PowerPoint/,2020-05-01 00:00:00,Boston,No
999,Technology,Legal,2,Oral communication/Bar/Bar/,2020-11-01 00:00:00,Denver,Yes